Metric,ProductName,Unit,Year,District,Value
Ekilen Alan,Biber (Sivri),Dekar,2014,İzmir(Bayındır),2300
Üretim Miktarı,Biber (Sivri),Ton,2014,İzmir(Bayındır),7360
Ekilen Alan,Biber (Sivri),Dekar,2014,İzmir(Bergama),1500
Üretim Miktarı,Biber (Sivri),Ton,2014,İzmir(Bergama),1500
Ekilen Alan,Biber (Sivri),Dekar,2014,İzmir(Menderes),1020
Üretim Miktarı,Biber (Sivri),Ton,2014,İzmir(Menderes),1900
Ekilen Alan,Biber (Sivri),Dekar,2014,İzmir(Tire),1400
Üretim Miktarı,Biber (Sivri),Ton,2014,İzmir(Tire),2100
Ekilen Alan,Biber (Sivri),Dekar,2014,İzmir(Torbalı),1967
Üretim Miktarı,Biber (Sivri),Ton,2014,İzmir(Torbalı),4926
Ekilen Alan,Biber (Sivri),Dekar,2014,İzmir(Ödemiş),1500
Üretim Miktarı,Biber (Sivri),Ton,2014,İzmir(Ödemiş),4500
Ekilen Alan,Biber (Sivri),Dekar,2015,İzmir(Bayındır),1800
Üretim Miktarı,Biber (Sivri),Ton,2015,İzmir(Bayındır),5760
Ekilen Alan,Biber (Sivri),Dekar,2015,İzmir(Bergama),1500
Üretim Miktarı,Biber (Sivri),Ton,2015,İzmir(Bergama),1500
Ekilen Alan,Biber (Sivri),Dekar,2015,İzmir(Menderes),2014
Üretim Miktarı,Biber (Sivri),Ton,2015,İzmir(Menderes),4474
Ekilen Alan,Biber (Sivri),Dekar,2015,İzmir(Tire),1350
Üretim Miktarı,Biber (Sivri),Ton,2015,İzmir(Tire),2025
Ekilen Alan,Biber (Sivri),Dekar,2015,İzmir(Torbalı),1667
Üretim Miktarı,Biber (Sivri),Ton,2015,İzmir(Torbalı),5495
Ekilen Alan,Biber (Sivri),Dekar,2015,İzmir(Ödemiş),1500
Üretim Miktarı,Biber (Sivri),Ton,2015,İzmir(Ödemiş),4500
Ekilen Alan,Biber (Sivri),Dekar,2016,İzmir(Bayındır),1800
Üretim Miktarı,Biber (Sivri),Ton,2016,İzmir(Bayındır),5749
Ekilen Alan,Biber (Sivri),Dekar,2016,İzmir(Bergama),1500
Üretim Miktarı,Biber (Sivri),Ton,2016,İzmir(Bergama),1497
Ekilen Alan,Biber (Sivri),Dekar,2016,İzmir(Menderes),2064
Üretim Miktarı,Biber (Sivri),Ton,2016,İzmir(Menderes),4600
Ekilen Alan,Biber (Sivri),Dekar,2016,İzmir(Tire),1350
Üretim Miktarı,Biber (Sivri),Ton,2016,İzmir(Tire),2021
Ekilen Alan,Biber (Sivri),Dekar,2016,İzmir(Torbalı),1570
Üretim Miktarı,Biber (Sivri),Ton,2016,İzmir(Torbalı),5164
Ekilen Alan,Biber (Sivri),Dekar,2016,İzmir(Ödemiş),1500
Üretim Miktarı,Biber (Sivri),Ton,2016,İzmir(Ödemiş),4491
Ekilen Alan,Biber (Sivri),Dekar,2017,İzmir(Bayındır),800
Üretim Miktarı,Biber (Sivri),Ton,2017,İzmir(Bayındır),2560
Ekilen Alan,Biber (Sivri),Dekar,2017,İzmir(Bergama),1500
Üretim Miktarı,Biber (Sivri),Ton,2017,İzmir(Bergama),1500
Ekilen Alan,Biber (Sivri),Dekar,2017,İzmir(Menderes),2320
Üretim Miktarı,Biber (Sivri),Ton,2017,İzmir(Menderes),5011
Ekilen Alan,Biber (Sivri),Dekar,2017,İzmir(Tire),1200
Üretim Miktarı,Biber (Sivri),Ton,2017,İzmir(Tire),1800
Ekilen Alan,Biber (Sivri),Dekar,2017,İzmir(Torbalı),1560
Üretim Miktarı,Biber (Sivri),Ton,2017,İzmir(Torbalı),5065
Ekilen Alan,Biber (Sivri),Dekar,2017,İzmir(Ödemiş),1500
Üretim Miktarı,Biber (Sivri),Ton,2017,İzmir(Ödemiş),4499
Ekilen Alan,Biber (Sivri),Dekar,2018,İzmir(Bayındır),800
Üretim Miktarı,Biber (Sivri),Ton,2018,İzmir(Bayındır),2560
Ekilen Alan,Biber (Sivri),Dekar,2018,İzmir(Bergama),1500
Üretim Miktarı,Biber (Sivri),Ton,2018,İzmir(Bergama),1500
Ekilen Alan,Biber (Sivri),Dekar,2018,İzmir(Menderes),2320
Üretim Miktarı,Biber (Sivri),Ton,2018,İzmir(Menderes),5006
Ekilen Alan,Biber (Sivri),Dekar,2018,İzmir(Tire),1000
Üretim Miktarı,Biber (Sivri),Ton,2018,İzmir(Tire),1500
Ekilen Alan,Biber (Sivri),Dekar,2018,İzmir(Torbalı),1703
Üretim Miktarı,Biber (Sivri),Ton,2018,İzmir(Torbalı),5529
Ekilen Alan,Biber (Sivri),Dekar,2018,İzmir(Ödemiş),1750
Üretim Miktarı,Biber (Sivri),Ton,2018,İzmir(Ödemiş),5248
Ekilen Alan,Biber (Sivri),Dekar,2019,İzmir(Bayındır),800
Üretim Miktarı,Biber (Sivri),Ton,2019,İzmir(Bayındır),2560
Ekilen Alan,Biber (Sivri),Dekar,2019,İzmir(Bergama),1500
Üretim Miktarı,Biber (Sivri),Ton,2019,İzmir(Bergama),1500
Ekilen Alan,Biber (Sivri),Dekar,2019,İzmir(Menderes),2170
Üretim Miktarı,Biber (Sivri),Ton,2019,İzmir(Menderes),4616
Ekilen Alan,Biber (Sivri),Dekar,2019,İzmir(Tire),1000
Üretim Miktarı,Biber (Sivri),Ton,2019,İzmir(Tire),1500
Ekilen Alan,Biber (Sivri),Dekar,2019,İzmir(Torbalı),1795
Üretim Miktarı,Biber (Sivri),Ton,2019,İzmir(Torbalı),6095
Ekilen Alan,Biber (Sivri),Dekar,2019,İzmir(Ödemiş),2000
Üretim Miktarı,Biber (Sivri),Ton,2019,İzmir(Ödemiş),6000
Ekilen Alan,Biber (Sivri),Dekar,2020,İzmir(Bayındır),2300
Üretim Miktarı,Biber (Sivri),Ton,2020,İzmir(Bayındır),9200
Ekilen Alan,Biber (Sivri),Dekar,2020,İzmir(Bergama),1500
Üretim Miktarı,Biber (Sivri),Ton,2020,İzmir(Bergama),1500
Ekilen Alan,Biber (Sivri),Dekar,2020,İzmir(Menderes),2170
Üretim Miktarı,Biber (Sivri),Ton,2020,İzmir(Menderes),5764
Ekilen Alan,Biber (Sivri),Dekar,2020,İzmir(Tire),315
Üretim Miktarı,Biber (Sivri),Ton,2020,İzmir(Tire),473
Ekilen Alan,Biber (Sivri),Dekar,2020,İzmir(Torbalı),1660
Üretim Miktarı,Biber (Sivri),Ton,2020,İzmir(Torbalı),5558
Ekilen Alan,Biber (Sivri),Dekar,2020,İzmir(Ödemiş),1500
Üretim Miktarı,Biber (Sivri),Ton,2020,İzmir(Ödemiş),6000
Ekilen Alan,Biber (Sivri),Dekar,2021,İzmir(Bayındır),1900
Üretim Miktarı,Biber (Sivri),Ton,2021,İzmir(Bayındır),7600
Ekilen Alan,Biber (Sivri),Dekar,2021,İzmir(Bergama),108
Üretim Miktarı,Biber (Sivri),Ton,2021,İzmir(Bergama),108
Ekilen Alan,Biber (Sivri),Dekar,2021,İzmir(Menderes),2170
Üretim Miktarı,Biber (Sivri),Ton,2021,İzmir(Menderes),5764
Ekilen Alan,Biber (Sivri),Dekar,2021,İzmir(Tire),379
Üretim Miktarı,Biber (Sivri),Ton,2021,İzmir(Tire),569
Ekilen Alan,Biber (Sivri),Dekar,2021,İzmir(Torbalı),1758
Üretim Miktarı,Biber (Sivri),Ton,2021,İzmir(Torbalı),5712
Ekilen Alan,Biber (Sivri),Dekar,2021,İzmir(Ödemiş),500
Üretim Miktarı,Biber (Sivri),Ton,2021,İzmir(Ödemiş),2000
Ekilen Alan,Biber (Sivri),Dekar,2022,İzmir(Bayındır),1515
Üretim Miktarı,Biber (Sivri),Ton,2022,İzmir(Bayındır),6060
Ekilen Alan,Biber (Sivri),Dekar,2022,İzmir(Bergama),127
Üretim Miktarı,Biber (Sivri),Ton,2022,İzmir(Bergama),127
Ekilen Alan,Biber (Sivri),Dekar,2022,İzmir(Menderes),2170
Üretim Miktarı,Biber (Sivri),Ton,2022,İzmir(Menderes),5764
Ekilen Alan,Biber (Sivri),Dekar,2022,İzmir(Tire),
Üretim Miktarı,Biber (Sivri),Ton,2022,İzmir(Tire),
Ekilen Alan,Biber (Sivri),Dekar,2022,İzmir(Torbalı),1781
Üretim Miktarı,Biber (Sivri),Ton,2022,İzmir(Torbalı),6234
Ekilen Alan,Biber (Sivri),Dekar,2022,İzmir(Ödemiş),500
Üretim Miktarı,Biber (Sivri),Ton,2022,İzmir(Ödemiş),2000
Ekilen Alan,Biber (Sivri),Dekar,2023,İzmir(Bayındır),1450
Üretim Miktarı,Biber (Sivri),Ton,2023,İzmir(Bayındır),4640
Ekilen Alan,Biber (Sivri),Dekar,2023,İzmir(Bergama),194
Üretim Miktarı,Biber (Sivri),Ton,2023,İzmir(Bergama),194
Ekilen Alan,Biber (Sivri),Dekar,2023,İzmir(Menderes),1929
Üretim Miktarı,Biber (Sivri),Ton,2023,İzmir(Menderes),5342
Ekilen Alan,Biber (Sivri),Dekar,2023,İzmir(Tire),
Üretim Miktarı,Biber (Sivri),Ton,2023,İzmir(Tire),
Ekilen Alan,Biber (Sivri),Dekar,2023,İzmir(Torbalı),1460
Üretim Miktarı,Biber (Sivri),Ton,2023,İzmir(Torbalı),4380
Ekilen Alan,Biber (Sivri),Dekar,2023,İzmir(Ödemiş),1500
Üretim Miktarı,Biber (Sivri),Ton,2023,İzmir(Ödemiş),6000
Ekilen Alan,Biber (Sivri),Dekar,2024,İzmir(Bayındır),1400
Üretim Miktarı,Biber (Sivri),Ton,2024,İzmir(Bayındır),4480
Ekilen Alan,Biber (Sivri),Dekar,2024,İzmir(Bergama),719
Üretim Miktarı,Biber (Sivri),Ton,2024,İzmir(Bergama),719
Ekilen Alan,Biber (Sivri),Dekar,2024,İzmir(Menderes),1361
Üretim Miktarı,Biber (Sivri),Ton,2024,İzmir(Menderes),3152
Ekilen Alan,Biber (Sivri),Dekar,2024,İzmir(Tire),
Üretim Miktarı,Biber (Sivri),Ton,2024,İzmir(Tire),
Ekilen Alan,Biber (Sivri),Dekar,2024,İzmir(Torbalı),1845
Üretim Miktarı,Biber (Sivri),Ton,2024,İzmir(Torbalı),5535
Ekilen Alan,Biber (Sivri),Dekar,2024,İzmir(Ödemiş),1500
Üretim Miktarı,Biber (Sivri),Ton,2024,İzmir(Ödemiş),5250
Ekilen Alan,Biber (Sivri),Dekar,2025,İzmir(Bayındır),1521
Üretim Miktarı,Biber (Sivri),Ton,2025,İzmir(Bayındır),4867
Ekilen Alan,Biber (Sivri),Dekar,2025,İzmir(Bergama),779
Üretim Miktarı,Biber (Sivri),Ton,2025,İzmir(Bergama),779
Ekilen Alan,Biber (Sivri),Dekar,2025,İzmir(Menderes),810
Üretim Miktarı,Biber (Sivri),Ton,2025,İzmir(Menderes),1944
Ekilen Alan,Biber (Sivri),Dekar,2025,İzmir(Tire),
Üretim Miktarı,Biber (Sivri),Ton,2025,İzmir(Tire),
Ekilen Alan,Biber (Sivri),Dekar,2025,İzmir(Torbalı),1900
Üretim Miktarı,Biber (Sivri),Ton,2025,İzmir(Torbalı),5700
Ekilen Alan,Biber (Sivri),Dekar,2025,İzmir(Ödemiş),1000
Üretim Miktarı,Biber (Sivri),Ton,2025,İzmir(Ödemiş),3500
Ekilen Alan,Domates (Sofralık),Dekar,2014,İzmir(Bayındır),2200
Üretim Miktarı,Domates (Sofralık),Ton,2014,İzmir(Bayındır),15224
Ekilen Alan,Domates (Sofralık),Dekar,2014,İzmir(Bergama),11779
Üretim Miktarı,Domates (Sofralık),Ton,2014,İzmir(Bergama),84121
Ekilen Alan,Domates (Sofralık),Dekar,2014,İzmir(Menderes),1383
Üretim Miktarı,Domates (Sofralık),Ton,2014,İzmir(Menderes),5045
Ekilen Alan,Domates (Sofralık),Dekar,2014,İzmir(Tire),550
Üretim Miktarı,Domates (Sofralık),Ton,2014,İzmir(Tire),2239
Ekilen Alan,Domates (Sofralık),Dekar,2014,İzmir(Torbalı),6485
Üretim Miktarı,Domates (Sofralık),Ton,2014,İzmir(Torbalı),42987
Ekilen Alan,Domates (Sofralık),Dekar,2014,İzmir(Ödemiş),3052
Üretim Miktarı,Domates (Sofralık),Ton,2014,İzmir(Ödemiş),23413
Ekilen Alan,Domates (Sofralık),Dekar,2015,İzmir(Bayındır),2000
Üretim Miktarı,Domates (Sofralık),Ton,2015,İzmir(Bayındır),13726
Ekilen Alan,Domates (Sofralık),Dekar,2015,İzmir(Bergama),11864
Üretim Miktarı,Domates (Sofralık),Ton,2015,İzmir(Bergama),85315
Ekilen Alan,Domates (Sofralık),Dekar,2015,İzmir(Menderes),1393
Üretim Miktarı,Domates (Sofralık),Ton,2015,İzmir(Menderes),5028
Ekilen Alan,Domates (Sofralık),Dekar,2015,İzmir(Tire),550
Üretim Miktarı,Domates (Sofralık),Ton,2015,İzmir(Tire),2727
Ekilen Alan,Domates (Sofralık),Dekar,2015,İzmir(Torbalı),4862
Üretim Miktarı,Domates (Sofralık),Ton,2015,İzmir(Torbalı),31456
Ekilen Alan,Domates (Sofralık),Dekar,2015,İzmir(Ödemiş),3052
Üretim Miktarı,Domates (Sofralık),Ton,2015,İzmir(Ödemiş),22833
Ekilen Alan,Domates (Sofralık),Dekar,2016,İzmir(Bayındır),2000
Üretim Miktarı,Domates (Sofralık),Ton,2016,İzmir(Bayındır),14202
Ekilen Alan,Domates (Sofralık),Dekar,2016,İzmir(Bergama),10664
Üretim Miktarı,Domates (Sofralık),Ton,2016,İzmir(Bergama),103170
Ekilen Alan,Domates (Sofralık),Dekar,2016,İzmir(Menderes),1503
Üretim Miktarı,Domates (Sofralık),Ton,2016,İzmir(Menderes),6750
Ekilen Alan,Domates (Sofralık),Dekar,2016,İzmir(Tire),600
Üretim Miktarı,Domates (Sofralık),Ton,2016,İzmir(Tire),3135
Ekilen Alan,Domates (Sofralık),Dekar,2016,İzmir(Torbalı),4530
Üretim Miktarı,Domates (Sofralık),Ton,2016,İzmir(Torbalı),30563
Ekilen Alan,Domates (Sofralık),Dekar,2016,İzmir(Ödemiş),5052
Üretim Miktarı,Domates (Sofralık),Ton,2016,İzmir(Ödemiş),39316
Ekilen Alan,Domates (Sofralık),Dekar,2017,İzmir(Bayındır),2000
Üretim Miktarı,Domates (Sofralık),Ton,2017,İzmir(Bayındır),13882
Ekilen Alan,Domates (Sofralık),Dekar,2017,İzmir(Bergama),10935
Üretim Miktarı,Domates (Sofralık),Ton,2017,İzmir(Bergama),103441
Ekilen Alan,Domates (Sofralık),Dekar,2017,İzmir(Menderes),1200
Üretim Miktarı,Domates (Sofralık),Ton,2017,İzmir(Menderes),5668
Ekilen Alan,Domates (Sofralık),Dekar,2017,İzmir(Tire),600
Üretim Miktarı,Domates (Sofralık),Ton,2017,İzmir(Tire),3034
Ekilen Alan,Domates (Sofralık),Dekar,2017,İzmir(Torbalı),3400
Üretim Miktarı,Domates (Sofralık),Ton,2017,İzmir(Torbalı),22625
Ekilen Alan,Domates (Sofralık),Dekar,2017,İzmir(Ödemiş),6052
Üretim Miktarı,Domates (Sofralık),Ton,2017,İzmir(Ödemiş),46028
Ekilen Alan,Domates (Sofralık),Dekar,2018,İzmir(Bayındır),1000
Üretim Miktarı,Domates (Sofralık),Ton,2018,İzmir(Bayındır),6954
Ekilen Alan,Domates (Sofralık),Dekar,2018,İzmir(Bergama),8934
Üretim Miktarı,Domates (Sofralık),Ton,2018,İzmir(Bergama),89351
Ekilen Alan,Domates (Sofralık),Dekar,2018,İzmir(Menderes),1000
Üretim Miktarı,Domates (Sofralık),Ton,2018,İzmir(Menderes),3669
Ekilen Alan,Domates (Sofralık),Dekar,2018,İzmir(Tire),1000
Üretim Miktarı,Domates (Sofralık),Ton,2018,İzmir(Tire),5066
Ekilen Alan,Domates (Sofralık),Dekar,2018,İzmir(Torbalı),1875
Üretim Miktarı,Domates (Sofralık),Ton,2018,İzmir(Torbalı),12434
Ekilen Alan,Domates (Sofralık),Dekar,2018,İzmir(Ödemiş),6558
Üretim Miktarı,Domates (Sofralık),Ton,2018,İzmir(Ödemiş),49971
Ekilen Alan,Domates (Sofralık),Dekar,2019,İzmir(Bayındır),1000
Üretim Miktarı,Domates (Sofralık),Ton,2019,İzmir(Bayındır),6954
Ekilen Alan,Domates (Sofralık),Dekar,2019,İzmir(Bergama),8787
Üretim Miktarı,Domates (Sofralık),Ton,2019,İzmir(Bergama),87380
Ekilen Alan,Domates (Sofralık),Dekar,2019,İzmir(Menderes),1550
Üretim Miktarı,Domates (Sofralık),Ton,2019,İzmir(Menderes),5910
Ekilen Alan,Domates (Sofralık),Dekar,2019,İzmir(Tire),1000
Üretim Miktarı,Domates (Sofralık),Ton,2019,İzmir(Tire),5050
Ekilen Alan,Domates (Sofralık),Dekar,2019,İzmir(Torbalı),810
Üretim Miktarı,Domates (Sofralık),Ton,2019,İzmir(Torbalı),6075
Ekilen Alan,Domates (Sofralık),Dekar,2019,İzmir(Ödemiş),6552
Üretim Miktarı,Domates (Sofralık),Ton,2019,İzmir(Ödemiş),49266
Ekilen Alan,Domates (Sofralık),Dekar,2020,İzmir(Bayındır),700
Üretim Miktarı,Domates (Sofralık),Ton,2020,İzmir(Bayındır),3500
Ekilen Alan,Domates (Sofralık),Dekar,2020,İzmir(Bergama),8854
Üretim Miktarı,Domates (Sofralık),Ton,2020,İzmir(Bergama),85810
Ekilen Alan,Domates (Sofralık),Dekar,2020,İzmir(Menderes),4611
Üretim Miktarı,Domates (Sofralık),Ton,2020,İzmir(Menderes),15010
Ekilen Alan,Domates (Sofralık),Dekar,2020,İzmir(Tire),400
Üretim Miktarı,Domates (Sofralık),Ton,2020,İzmir(Tire),2020
Ekilen Alan,Domates (Sofralık),Dekar,2020,İzmir(Torbalı),1165
Üretim Miktarı,Domates (Sofralık),Ton,2020,İzmir(Torbalı),7678
Ekilen Alan,Domates (Sofralık),Dekar,2020,İzmir(Ödemiş),6000
Üretim Miktarı,Domates (Sofralık),Ton,2020,İzmir(Ödemiş),45000
Ekilen Alan,Domates (Sofralık),Dekar,2021,İzmir(Bayındır),500
Üretim Miktarı,Domates (Sofralık),Ton,2021,İzmir(Bayındır),2500
Ekilen Alan,Domates (Sofralık),Dekar,2021,İzmir(Bergama),1854
Üretim Miktarı,Domates (Sofralık),Ton,2021,İzmir(Bergama),34068
Ekilen Alan,Domates (Sofralık),Dekar,2021,İzmir(Menderes),3833
Üretim Miktarı,Domates (Sofralık),Ton,2021,İzmir(Menderes),12559
Ekilen Alan,Domates (Sofralık),Dekar,2021,İzmir(Tire),796
Üretim Miktarı,Domates (Sofralık),Ton,2021,İzmir(Tire),4020
Ekilen Alan,Domates (Sofralık),Dekar,2021,İzmir(Torbalı),1680
Üretim Miktarı,Domates (Sofralık),Ton,2021,İzmir(Torbalı),8963
Ekilen Alan,Domates (Sofralık),Dekar,2021,İzmir(Ödemiş),2000
Üretim Miktarı,Domates (Sofralık),Ton,2021,İzmir(Ödemiş),14000
Ekilen Alan,Domates (Sofralık),Dekar,2022,İzmir(Bayındır),300
Üretim Miktarı,Domates (Sofralık),Ton,2022,İzmir(Bayındır),1507
Ekilen Alan,Domates (Sofralık),Dekar,2022,İzmir(Bergama),1839
Üretim Miktarı,Domates (Sofralık),Ton,2022,İzmir(Bergama),34754
Ekilen Alan,Domates (Sofralık),Dekar,2022,İzmir(Menderes),2077
Üretim Miktarı,Domates (Sofralık),Ton,2022,İzmir(Menderes),7057
Ekilen Alan,Domates (Sofralık),Dekar,2022,İzmir(Tire),1165
Üretim Miktarı,Domates (Sofralık),Ton,2022,İzmir(Tire),5970
Ekilen Alan,Domates (Sofralık),Dekar,2022,İzmir(Torbalı),1005
Üretim Miktarı,Domates (Sofralık),Ton,2022,İzmir(Torbalı),6138
Ekilen Alan,Domates (Sofralık),Dekar,2022,İzmir(Ödemiş),3000
Üretim Miktarı,Domates (Sofralık),Ton,2022,İzmir(Ödemiş),22606
Ekilen Alan,Domates (Sofralık),Dekar,2023,İzmir(Bayındır),300
Üretim Miktarı,Domates (Sofralık),Ton,2023,İzmir(Bayındır),1507
Ekilen Alan,Domates (Sofralık),Dekar,2023,İzmir(Bergama),1894
Üretim Miktarı,Domates (Sofralık),Ton,2023,İzmir(Bergama),23954
Ekilen Alan,Domates (Sofralık),Dekar,2023,İzmir(Menderes),1080
Üretim Miktarı,Domates (Sofralık),Ton,2023,İzmir(Menderes),3790
Ekilen Alan,Domates (Sofralık),Dekar,2023,İzmir(Tire),950
Üretim Miktarı,Domates (Sofralık),Ton,2023,İzmir(Tire),4845
Ekilen Alan,Domates (Sofralık),Dekar,2023,İzmir(Torbalı),1305
Üretim Miktarı,Domates (Sofralık),Ton,2023,İzmir(Torbalı),6625
Ekilen Alan,Domates (Sofralık),Dekar,2023,İzmir(Ödemiş),3500
Üretim Miktarı,Domates (Sofralık),Ton,2023,İzmir(Ödemiş),35000
Ekilen Alan,Domates (Sofralık),Dekar,2024,İzmir(Bayındır),1000
Üretim Miktarı,Domates (Sofralık),Ton,2024,İzmir(Bayındır),5000
Ekilen Alan,Domates (Sofralık),Dekar,2024,İzmir(Bergama),11969
Üretim Miktarı,Domates (Sofralık),Ton,2024,İzmir(Bergama),90970
Ekilen Alan,Domates (Sofralık),Dekar,2024,İzmir(Menderes),1070
Üretim Miktarı,Domates (Sofralık),Ton,2024,İzmir(Menderes),4680
Ekilen Alan,Domates (Sofralık),Dekar,2024,İzmir(Tire),850
Üretim Miktarı,Domates (Sofralık),Ton,2024,İzmir(Tire),4335
Ekilen Alan,Domates (Sofralık),Dekar,2024,İzmir(Torbalı),3276
Üretim Miktarı,Domates (Sofralık),Ton,2024,İzmir(Torbalı),18109
Ekilen Alan,Domates (Sofralık),Dekar,2024,İzmir(Ödemiş),2000
Üretim Miktarı,Domates (Sofralık),Ton,2024,İzmir(Ödemiş),16000
Ekilen Alan,Domates (Sofralık),Dekar,2025,İzmir(Bayındır),785
Üretim Miktarı,Domates (Sofralık),Ton,2025,İzmir(Bayındır),5107
Ekilen Alan,Domates (Sofralık),Dekar,2025,İzmir(Bergama),11268
Üretim Miktarı,Domates (Sofralık),Ton,2025,İzmir(Bergama),90043
Ekilen Alan,Domates (Sofralık),Dekar,2025,İzmir(Menderes),610
Üretim Miktarı,Domates (Sofralık),Ton,2025,İzmir(Menderes),2457
Ekilen Alan,Domates (Sofralık),Dekar,2025,İzmir(Tire),1650
Üretim Miktarı,Domates (Sofralık),Ton,2025,İzmir(Tire),10732
Ekilen Alan,Domates (Sofralık),Dekar,2025,İzmir(Torbalı),6580
Üretim Miktarı,Domates (Sofralık),Ton,2025,İzmir(Torbalı),39597
Ekilen Alan,Domates (Sofralık),Dekar,2025,İzmir(Ödemiş),2000
Üretim Miktarı,Domates (Sofralık),Ton,2025,İzmir(Ödemiş),15010
Ekilen Alan,Hıyar (Sofralık),Dekar,2014,İzmir(Bayındır),5000
Üretim Miktarı,Hıyar (Sofralık),Ton,2014,İzmir(Bayındır),21500
Ekilen Alan,Hıyar (Sofralık),Dekar,2014,İzmir(Bergama),1404
Üretim Miktarı,Hıyar (Sofralık),Ton,2014,İzmir(Bergama),2404
Ekilen Alan,Hıyar (Sofralık),Dekar,2014,İzmir(Menderes),6337
Üretim Miktarı,Hıyar (Sofralık),Ton,2014,İzmir(Menderes),152088
Ekilen Alan,Hıyar (Sofralık),Dekar,2014,İzmir(Tire),600
Üretim Miktarı,Hıyar (Sofralık),Ton,2014,İzmir(Tire),1200
Ekilen Alan,Hıyar (Sofralık),Dekar,2014,İzmir(Torbalı),395
Üretim Miktarı,Hıyar (Sofralık),Ton,2014,İzmir(Torbalı),2250
Ekilen Alan,Hıyar (Sofralık),Dekar,2014,İzmir(Ödemiş),5070
Üretim Miktarı,Hıyar (Sofralık),Ton,2014,İzmir(Ödemiş),6400
Ekilen Alan,Hıyar (Sofralık),Dekar,2015,İzmir(Bayındır),5000
Üretim Miktarı,Hıyar (Sofralık),Ton,2015,İzmir(Bayındır),21500
Ekilen Alan,Hıyar (Sofralık),Dekar,2015,İzmir(Bergama),1404
Üretim Miktarı,Hıyar (Sofralık),Ton,2015,İzmir(Bergama),2404
Ekilen Alan,Hıyar (Sofralık),Dekar,2015,İzmir(Menderes),4691
Üretim Miktarı,Hıyar (Sofralık),Ton,2015,İzmir(Menderes),112584
Ekilen Alan,Hıyar (Sofralık),Dekar,2015,İzmir(Tire),600
Üretim Miktarı,Hıyar (Sofralık),Ton,2015,İzmir(Tire),1200
Ekilen Alan,Hıyar (Sofralık),Dekar,2015,İzmir(Torbalı),513
Üretim Miktarı,Hıyar (Sofralık),Ton,2015,İzmir(Torbalı),2708
Ekilen Alan,Hıyar (Sofralık),Dekar,2015,İzmir(Ödemiş),5070
Üretim Miktarı,Hıyar (Sofralık),Ton,2015,İzmir(Ödemiş),6400
Ekilen Alan,Hıyar (Sofralık),Dekar,2016,İzmir(Bayındır),3000
Üretim Miktarı,Hıyar (Sofralık),Ton,2016,İzmir(Bayındır),12900
Ekilen Alan,Hıyar (Sofralık),Dekar,2016,İzmir(Bergama),1404
Üretim Miktarı,Hıyar (Sofralık),Ton,2016,İzmir(Bergama),2404
Ekilen Alan,Hıyar (Sofralık),Dekar,2016,İzmir(Menderes),4871
Üretim Miktarı,Hıyar (Sofralık),Ton,2016,İzmir(Menderes),116904
Ekilen Alan,Hıyar (Sofralık),Dekar,2016,İzmir(Tire),600
Üretim Miktarı,Hıyar (Sofralık),Ton,2016,İzmir(Tire),1200
Ekilen Alan,Hıyar (Sofralık),Dekar,2016,İzmir(Torbalı),385
Üretim Miktarı,Hıyar (Sofralık),Ton,2016,İzmir(Torbalı),2170
Ekilen Alan,Hıyar (Sofralık),Dekar,2016,İzmir(Ödemiş),3070
Üretim Miktarı,Hıyar (Sofralık),Ton,2016,İzmir(Ödemiş),5210
Ekilen Alan,Hıyar (Sofralık),Dekar,2017,İzmir(Bayındır),2000
Üretim Miktarı,Hıyar (Sofralık),Ton,2017,İzmir(Bayındır),8600
Ekilen Alan,Hıyar (Sofralık),Dekar,2017,İzmir(Bergama),1226
Üretim Miktarı,Hıyar (Sofralık),Ton,2017,İzmir(Bergama),2196
Ekilen Alan,Hıyar (Sofralık),Dekar,2017,İzmir(Menderes),5039
Üretim Miktarı,Hıyar (Sofralık),Ton,2017,İzmir(Menderes),120936
Ekilen Alan,Hıyar (Sofralık),Dekar,2017,İzmir(Tire),600
Üretim Miktarı,Hıyar (Sofralık),Ton,2017,İzmir(Tire),1200
Ekilen Alan,Hıyar (Sofralık),Dekar,2017,İzmir(Torbalı),505
Üretim Miktarı,Hıyar (Sofralık),Ton,2017,İzmir(Torbalı),2710
Ekilen Alan,Hıyar (Sofralık),Dekar,2017,İzmir(Ödemiş),3070
Üretim Miktarı,Hıyar (Sofralık),Ton,2017,İzmir(Ödemiş),5900
Ekilen Alan,Hıyar (Sofralık),Dekar,2018,İzmir(Bayındır),1500
Üretim Miktarı,Hıyar (Sofralık),Ton,2018,İzmir(Bayındır),6450
Ekilen Alan,Hıyar (Sofralık),Dekar,2018,İzmir(Bergama),1026
Üretim Miktarı,Hıyar (Sofralık),Ton,2018,İzmir(Bergama),1856
Ekilen Alan,Hıyar (Sofralık),Dekar,2018,İzmir(Menderes),5079
Üretim Miktarı,Hıyar (Sofralık),Ton,2018,İzmir(Menderes),101580
Ekilen Alan,Hıyar (Sofralık),Dekar,2018,İzmir(Tire),300
Üretim Miktarı,Hıyar (Sofralık),Ton,2018,İzmir(Tire),600
Ekilen Alan,Hıyar (Sofralık),Dekar,2018,İzmir(Torbalı),378
Üretim Miktarı,Hıyar (Sofralık),Ton,2018,İzmir(Torbalı),2138
Ekilen Alan,Hıyar (Sofralık),Dekar,2018,İzmir(Ödemiş),2080
Üretim Miktarı,Hıyar (Sofralık),Ton,2018,İzmir(Ödemiş),4600
Ekilen Alan,Hıyar (Sofralık),Dekar,2019,İzmir(Bayındır),1000
Üretim Miktarı,Hıyar (Sofralık),Ton,2019,İzmir(Bayındır),4300
Ekilen Alan,Hıyar (Sofralık),Dekar,2019,İzmir(Bergama),1018
Üretim Miktarı,Hıyar (Sofralık),Ton,2019,İzmir(Bergama),1844
Ekilen Alan,Hıyar (Sofralık),Dekar,2019,İzmir(Menderes),4930
Üretim Miktarı,Hıyar (Sofralık),Ton,2019,İzmir(Menderes),98600
Ekilen Alan,Hıyar (Sofralık),Dekar,2019,İzmir(Tire),300
Üretim Miktarı,Hıyar (Sofralık),Ton,2019,İzmir(Tire),600
Ekilen Alan,Hıyar (Sofralık),Dekar,2019,İzmir(Torbalı),285
Üretim Miktarı,Hıyar (Sofralık),Ton,2019,İzmir(Torbalı),1623
Ekilen Alan,Hıyar (Sofralık),Dekar,2019,İzmir(Ödemiş),2070
Üretim Miktarı,Hıyar (Sofralık),Ton,2019,İzmir(Ödemiş),4400
Ekilen Alan,Hıyar (Sofralık),Dekar,2020,İzmir(Bayındır),145
Üretim Miktarı,Hıyar (Sofralık),Ton,2020,İzmir(Bayındır),508
Ekilen Alan,Hıyar (Sofralık),Dekar,2020,İzmir(Bergama),1011
Üretim Miktarı,Hıyar (Sofralık),Ton,2020,İzmir(Bergama),1788
Ekilen Alan,Hıyar (Sofralık),Dekar,2020,İzmir(Menderes),4930
Üretim Miktarı,Hıyar (Sofralık),Ton,2020,İzmir(Menderes),98600
Ekilen Alan,Hıyar (Sofralık),Dekar,2020,İzmir(Tire),120
Üretim Miktarı,Hıyar (Sofralık),Ton,2020,İzmir(Tire),240
Ekilen Alan,Hıyar (Sofralık),Dekar,2020,İzmir(Torbalı),250
Üretim Miktarı,Hıyar (Sofralık),Ton,2020,İzmir(Torbalı),1331
Ekilen Alan,Hıyar (Sofralık),Dekar,2020,İzmir(Ödemiş),1000
Üretim Miktarı,Hıyar (Sofralık),Ton,2020,İzmir(Ödemiş),4500
Ekilen Alan,Hıyar (Sofralık),Dekar,2021,İzmir(Bayındır),100
Üretim Miktarı,Hıyar (Sofralık),Ton,2021,İzmir(Bayındır),350
Ekilen Alan,Hıyar (Sofralık),Dekar,2021,İzmir(Bergama),99
Üretim Miktarı,Hıyar (Sofralık),Ton,2021,İzmir(Bergama),1432
Ekilen Alan,Hıyar (Sofralık),Dekar,2021,İzmir(Menderes),4930
Üretim Miktarı,Hıyar (Sofralık),Ton,2021,İzmir(Menderes),98600
Ekilen Alan,Hıyar (Sofralık),Dekar,2021,İzmir(Tire),118
Üretim Miktarı,Hıyar (Sofralık),Ton,2021,İzmir(Tire),236
Ekilen Alan,Hıyar (Sofralık),Dekar,2021,İzmir(Torbalı),275
Üretim Miktarı,Hıyar (Sofralık),Ton,2021,İzmir(Torbalı),1225
Ekilen Alan,Hıyar (Sofralık),Dekar,2021,İzmir(Ödemiş),100
Üretim Miktarı,Hıyar (Sofralık),Ton,2021,İzmir(Ödemiş),450
Ekilen Alan,Hıyar (Sofralık),Dekar,2022,İzmir(Bayındır),100
Üretim Miktarı,Hıyar (Sofralık),Ton,2022,İzmir(Bayındır),350
Ekilen Alan,Hıyar (Sofralık),Dekar,2022,İzmir(Bergama),75
Üretim Miktarı,Hıyar (Sofralık),Ton,2022,İzmir(Bergama),1583
Ekilen Alan,Hıyar (Sofralık),Dekar,2022,İzmir(Menderes),4930
Üretim Miktarı,Hıyar (Sofralık),Ton,2022,İzmir(Menderes),98600
Ekilen Alan,Hıyar (Sofralık),Dekar,2022,İzmir(Tire),207
Üretim Miktarı,Hıyar (Sofralık),Ton,2022,İzmir(Tire),414
Ekilen Alan,Hıyar (Sofralık),Dekar,2022,İzmir(Torbalı),205
Üretim Miktarı,Hıyar (Sofralık),Ton,2022,İzmir(Torbalı),948
Ekilen Alan,Hıyar (Sofralık),Dekar,2022,İzmir(Ödemiş),100
Üretim Miktarı,Hıyar (Sofralık),Ton,2022,İzmir(Ödemiş),450
Ekilen Alan,Hıyar (Sofralık),Dekar,2023,İzmir(Bayındır),100
Üretim Miktarı,Hıyar (Sofralık),Ton,2023,İzmir(Bayındır),350
Ekilen Alan,Hıyar (Sofralık),Dekar,2023,İzmir(Bergama),34
Üretim Miktarı,Hıyar (Sofralık),Ton,2023,İzmir(Bergama),244
Ekilen Alan,Hıyar (Sofralık),Dekar,2023,İzmir(Menderes),4950
Üretim Miktarı,Hıyar (Sofralık),Ton,2023,İzmir(Menderes),99000
Ekilen Alan,Hıyar (Sofralık),Dekar,2023,İzmir(Tire),186
Üretim Miktarı,Hıyar (Sofralık),Ton,2023,İzmir(Tire),372
Ekilen Alan,Hıyar (Sofralık),Dekar,2023,İzmir(Torbalı),168
Üretim Miktarı,Hıyar (Sofralık),Ton,2023,İzmir(Torbalı),900
Ekilen Alan,Hıyar (Sofralık),Dekar,2023,İzmir(Ödemiş),2000
Üretim Miktarı,Hıyar (Sofralık),Ton,2023,İzmir(Ödemiş),9000
Ekilen Alan,Hıyar (Sofralık),Dekar,2024,İzmir(Bayındır),100
Üretim Miktarı,Hıyar (Sofralık),Ton,2024,İzmir(Bayındır),350
Ekilen Alan,Hıyar (Sofralık),Dekar,2024,İzmir(Bergama),231
Üretim Miktarı,Hıyar (Sofralık),Ton,2024,İzmir(Bergama),579
Ekilen Alan,Hıyar (Sofralık),Dekar,2024,İzmir(Menderes),5400
Üretim Miktarı,Hıyar (Sofralık),Ton,2024,İzmir(Menderes),108000
Ekilen Alan,Hıyar (Sofralık),Dekar,2024,İzmir(Tire),160
Üretim Miktarı,Hıyar (Sofralık),Ton,2024,İzmir(Tire),320
Ekilen Alan,Hıyar (Sofralık),Dekar,2024,İzmir(Torbalı),193
Üretim Miktarı,Hıyar (Sofralık),Ton,2024,İzmir(Torbalı),1035
Ekilen Alan,Hıyar (Sofralık),Dekar,2024,İzmir(Ödemiş),1500
Üretim Miktarı,Hıyar (Sofralık),Ton,2024,İzmir(Ödemiş),6750
Ekilen Alan,Hıyar (Sofralık),Dekar,2025,İzmir(Bayındır),124
Üretim Miktarı,Hıyar (Sofralık),Ton,2025,İzmir(Bayındır),436
Ekilen Alan,Hıyar (Sofralık),Dekar,2025,İzmir(Bergama),204
Üretim Miktarı,Hıyar (Sofralık),Ton,2025,İzmir(Bergama),349
Ekilen Alan,Hıyar (Sofralık),Dekar,2025,İzmir(Menderes),4400
Üretim Miktarı,Hıyar (Sofralık),Ton,2025,İzmir(Menderes),88439
Ekilen Alan,Hıyar (Sofralık),Dekar,2025,İzmir(Tire),2100
Üretim Miktarı,Hıyar (Sofralık),Ton,2025,İzmir(Tire),9480
Ekilen Alan,Hıyar (Sofralık),Dekar,2025,İzmir(Torbalı),180
Üretim Miktarı,Hıyar (Sofralık),Ton,2025,İzmir(Torbalı),894
Ekilen Alan,Hıyar (Sofralık),Dekar,2025,İzmir(Ödemiş),1000
Üretim Miktarı,Hıyar (Sofralık),Ton,2025,İzmir(Ödemiş),4510
Ekilen Alan,Kabak (Sakız),Dekar,2014,İzmir(Bayındır),1000
Üretim Miktarı,Kabak (Sakız),Ton,2014,İzmir(Bayındır),3500
Ekilen Alan,Kabak (Sakız),Dekar,2014,İzmir(Bergama),400
Üretim Miktarı,Kabak (Sakız),Ton,2014,İzmir(Bergama),680
Ekilen Alan,Kabak (Sakız),Dekar,2014,İzmir(Menderes),350
Üretim Miktarı,Kabak (Sakız),Ton,2014,İzmir(Menderes),700
Ekilen Alan,Kabak (Sakız),Dekar,2014,İzmir(Tire),450
Üretim Miktarı,Kabak (Sakız),Ton,2014,İzmir(Tire),1125
Ekilen Alan,Kabak (Sakız),Dekar,2014,İzmir(Torbalı),450
Üretim Miktarı,Kabak (Sakız),Ton,2014,İzmir(Torbalı),1575
Ekilen Alan,Kabak (Sakız),Dekar,2014,İzmir(Ödemiş),210
Üretim Miktarı,Kabak (Sakız),Ton,2014,İzmir(Ödemiş),660
Ekilen Alan,Kabak (Sakız),Dekar,2015,İzmir(Bayındır),800
Üretim Miktarı,Kabak (Sakız),Ton,2015,İzmir(Bayındır),2800
Ekilen Alan,Kabak (Sakız),Dekar,2015,İzmir(Bergama),400
Üretim Miktarı,Kabak (Sakız),Ton,2015,İzmir(Bergama),680
Ekilen Alan,Kabak (Sakız),Dekar,2015,İzmir(Menderes),355
Üretim Miktarı,Kabak (Sakız),Ton,2015,İzmir(Menderes),710
Ekilen Alan,Kabak (Sakız),Dekar,2015,İzmir(Tire),450
Üretim Miktarı,Kabak (Sakız),Ton,2015,İzmir(Tire),1125
Ekilen Alan,Kabak (Sakız),Dekar,2015,İzmir(Torbalı),330
Üretim Miktarı,Kabak (Sakız),Ton,2015,İzmir(Torbalı),1155
Ekilen Alan,Kabak (Sakız),Dekar,2015,İzmir(Ödemiş),210
Üretim Miktarı,Kabak (Sakız),Ton,2015,İzmir(Ödemiş),660
Ekilen Alan,Kabak (Sakız),Dekar,2016,İzmir(Bayındır),800
Üretim Miktarı,Kabak (Sakız),Ton,2016,İzmir(Bayındır),2800
Ekilen Alan,Kabak (Sakız),Dekar,2016,İzmir(Bergama),400
Üretim Miktarı,Kabak (Sakız),Ton,2016,İzmir(Bergama),680
Ekilen Alan,Kabak (Sakız),Dekar,2016,İzmir(Menderes),355
Üretim Miktarı,Kabak (Sakız),Ton,2016,İzmir(Menderes),710
Ekilen Alan,Kabak (Sakız),Dekar,2016,İzmir(Tire),400
Üretim Miktarı,Kabak (Sakız),Ton,2016,İzmir(Tire),980
Ekilen Alan,Kabak (Sakız),Dekar,2016,İzmir(Torbalı),300
Üretim Miktarı,Kabak (Sakız),Ton,2016,İzmir(Torbalı),1050
Ekilen Alan,Kabak (Sakız),Dekar,2016,İzmir(Ödemiş),220
Üretim Miktarı,Kabak (Sakız),Ton,2016,İzmir(Ödemiş),711
Ekilen Alan,Kabak (Sakız),Dekar,2017,İzmir(Bayındır),800
Üretim Miktarı,Kabak (Sakız),Ton,2017,İzmir(Bayındır),2800
Ekilen Alan,Kabak (Sakız),Dekar,2017,İzmir(Bergama),400
Üretim Miktarı,Kabak (Sakız),Ton,2017,İzmir(Bergama),680
Ekilen Alan,Kabak (Sakız),Dekar,2017,İzmir(Menderes),390
Üretim Miktarı,Kabak (Sakız),Ton,2017,İzmir(Menderes),780
Ekilen Alan,Kabak (Sakız),Dekar,2017,İzmir(Tire),400
Üretim Miktarı,Kabak (Sakız),Ton,2017,İzmir(Tire),1000
Ekilen Alan,Kabak (Sakız),Dekar,2017,İzmir(Torbalı),405
Üretim Miktarı,Kabak (Sakız),Ton,2017,İzmir(Torbalı),1418
Ekilen Alan,Kabak (Sakız),Dekar,2017,İzmir(Ödemiş),220
Üretim Miktarı,Kabak (Sakız),Ton,2017,İzmir(Ödemiş),722
Ekilen Alan,Kabak (Sakız),Dekar,2018,İzmir(Bayındır),800
Üretim Miktarı,Kabak (Sakız),Ton,2018,İzmir(Bayındır),2800
Ekilen Alan,Kabak (Sakız),Dekar,2018,İzmir(Bergama),400
Üretim Miktarı,Kabak (Sakız),Ton,2018,İzmir(Bergama),680
Ekilen Alan,Kabak (Sakız),Dekar,2018,İzmir(Menderes),390
Üretim Miktarı,Kabak (Sakız),Ton,2018,İzmir(Menderes),780
Ekilen Alan,Kabak (Sakız),Dekar,2018,İzmir(Tire),300
Üretim Miktarı,Kabak (Sakız),Ton,2018,İzmir(Tire),750
Ekilen Alan,Kabak (Sakız),Dekar,2018,İzmir(Torbalı),265
Üretim Miktarı,Kabak (Sakız),Ton,2018,İzmir(Torbalı),927
Ekilen Alan,Kabak (Sakız),Dekar,2018,İzmir(Ödemiş),155
Üretim Miktarı,Kabak (Sakız),Ton,2018,İzmir(Ödemiş),502
Ekilen Alan,Kabak (Sakız),Dekar,2019,İzmir(Bayındır),600
Üretim Miktarı,Kabak (Sakız),Ton,2019,İzmir(Bayındır),2100
Ekilen Alan,Kabak (Sakız),Dekar,2019,İzmir(Bergama),400
Üretim Miktarı,Kabak (Sakız),Ton,2019,İzmir(Bergama),680
Ekilen Alan,Kabak (Sakız),Dekar,2019,İzmir(Menderes),390
Üretim Miktarı,Kabak (Sakız),Ton,2019,İzmir(Menderes),780
Ekilen Alan,Kabak (Sakız),Dekar,2019,İzmir(Tire),300
Üretim Miktarı,Kabak (Sakız),Ton,2019,İzmir(Tire),750
Ekilen Alan,Kabak (Sakız),Dekar,2019,İzmir(Torbalı),250
Üretim Miktarı,Kabak (Sakız),Ton,2019,İzmir(Torbalı),875
Ekilen Alan,Kabak (Sakız),Dekar,2019,İzmir(Ödemiş),110
Üretim Miktarı,Kabak (Sakız),Ton,2019,İzmir(Ödemiş),375
Ekilen Alan,Kabak (Sakız),Dekar,2020,İzmir(Bayındır),200
Üretim Miktarı,Kabak (Sakız),Ton,2020,İzmir(Bayındır),311
Ekilen Alan,Kabak (Sakız),Dekar,2020,İzmir(Bergama),400
Üretim Miktarı,Kabak (Sakız),Ton,2020,İzmir(Bergama),705
Ekilen Alan,Kabak (Sakız),Dekar,2020,İzmir(Menderes),390
Üretim Miktarı,Kabak (Sakız),Ton,2020,İzmir(Menderes),809
Ekilen Alan,Kabak (Sakız),Dekar,2020,İzmir(Tire),68
Üretim Miktarı,Kabak (Sakız),Ton,2020,İzmir(Tire),176
Ekilen Alan,Kabak (Sakız),Dekar,2020,İzmir(Torbalı),180
Üretim Miktarı,Kabak (Sakız),Ton,2020,İzmir(Torbalı),607
Ekilen Alan,Kabak (Sakız),Dekar,2020,İzmir(Ödemiş),80
Üretim Miktarı,Kabak (Sakız),Ton,2020,İzmir(Ödemiş),415
Ekilen Alan,Kabak (Sakız),Dekar,2021,İzmir(Bayındır),200
Üretim Miktarı,Kabak (Sakız),Ton,2021,İzmir(Bayındır),300
Ekilen Alan,Kabak (Sakız),Dekar,2021,İzmir(Bergama),17
Üretim Miktarı,Kabak (Sakız),Ton,2021,İzmir(Bergama),30
Ekilen Alan,Kabak (Sakız),Dekar,2021,İzmir(Menderes),380
Üretim Miktarı,Kabak (Sakız),Ton,2021,İzmir(Menderes),760
Ekilen Alan,Kabak (Sakız),Dekar,2021,İzmir(Tire),42
Üretim Miktarı,Kabak (Sakız),Ton,2021,İzmir(Tire),109
Ekilen Alan,Kabak (Sakız),Dekar,2021,İzmir(Torbalı),185
Üretim Miktarı,Kabak (Sakız),Ton,2021,İzmir(Torbalı),555
Ekilen Alan,Kabak (Sakız),Dekar,2021,İzmir(Ödemiş),25
Üretim Miktarı,Kabak (Sakız),Ton,2021,İzmir(Ödemiş),125
Ekilen Alan,Kabak (Sakız),Dekar,2022,İzmir(Bayındır),200
Üretim Miktarı,Kabak (Sakız),Ton,2022,İzmir(Bayındır),500
Ekilen Alan,Kabak (Sakız),Dekar,2022,İzmir(Bergama),13
Üretim Miktarı,Kabak (Sakız),Ton,2022,İzmir(Bergama),23
Ekilen Alan,Kabak (Sakız),Dekar,2022,İzmir(Menderes),380
Üretim Miktarı,Kabak (Sakız),Ton,2022,İzmir(Menderes),760
Ekilen Alan,Kabak (Sakız),Dekar,2022,İzmir(Tire),
Üretim Miktarı,Kabak (Sakız),Ton,2022,İzmir(Tire),
Ekilen Alan,Kabak (Sakız),Dekar,2022,İzmir(Torbalı),135
Üretim Miktarı,Kabak (Sakız),Ton,2022,İzmir(Torbalı),439
Ekilen Alan,Kabak (Sakız),Dekar,2022,İzmir(Ödemiş),25
Üretim Miktarı,Kabak (Sakız),Ton,2022,İzmir(Ödemiş),125
Ekilen Alan,Kabak (Sakız),Dekar,2023,İzmir(Bayındır),150
Üretim Miktarı,Kabak (Sakız),Ton,2023,İzmir(Bayındır),375
Ekilen Alan,Kabak (Sakız),Dekar,2023,İzmir(Bergama),11
Üretim Miktarı,Kabak (Sakız),Ton,2023,İzmir(Bergama),20
Ekilen Alan,Kabak (Sakız),Dekar,2023,İzmir(Menderes),380
Üretim Miktarı,Kabak (Sakız),Ton,2023,İzmir(Menderes),760
Ekilen Alan,Kabak (Sakız),Dekar,2023,İzmir(Tire),
Üretim Miktarı,Kabak (Sakız),Ton,2023,İzmir(Tire),
Ekilen Alan,Kabak (Sakız),Dekar,2023,İzmir(Torbalı),110
Üretim Miktarı,Kabak (Sakız),Ton,2023,İzmir(Torbalı),330
Ekilen Alan,Kabak (Sakız),Dekar,2023,İzmir(Ödemiş),
Üretim Miktarı,Kabak (Sakız),Ton,2023,İzmir(Ödemiş),
Ekilen Alan,Kabak (Sakız),Dekar,2024,İzmir(Bayındır),150
Üretim Miktarı,Kabak (Sakız),Ton,2024,İzmir(Bayındır),375
Ekilen Alan,Kabak (Sakız),Dekar,2024,İzmir(Bergama),162
Üretim Miktarı,Kabak (Sakız),Ton,2024,İzmir(Bergama),287
Ekilen Alan,Kabak (Sakız),Dekar,2024,İzmir(Menderes),380
Üretim Miktarı,Kabak (Sakız),Ton,2024,İzmir(Menderes),760
Ekilen Alan,Kabak (Sakız),Dekar,2024,İzmir(Tire),
Üretim Miktarı,Kabak (Sakız),Ton,2024,İzmir(Tire),
Ekilen Alan,Kabak (Sakız),Dekar,2024,İzmir(Torbalı),157
Üretim Miktarı,Kabak (Sakız),Ton,2024,İzmir(Torbalı),473
Ekilen Alan,Kabak (Sakız),Dekar,2024,İzmir(Ödemiş),50
Üretim Miktarı,Kabak (Sakız),Ton,2024,İzmir(Ödemiş),175
Ekilen Alan,Kabak (Sakız),Dekar,2025,İzmir(Bayındır),132
Üretim Miktarı,Kabak (Sakız),Ton,2025,İzmir(Bayındır),330
Ekilen Alan,Kabak (Sakız),Dekar,2025,İzmir(Bergama),172
Üretim Miktarı,Kabak (Sakız),Ton,2025,İzmir(Bergama),304
Ekilen Alan,Kabak (Sakız),Dekar,2025,İzmir(Menderes),330
Üretim Miktarı,Kabak (Sakız),Ton,2025,İzmir(Menderes),660
Ekilen Alan,Kabak (Sakız),Dekar,2025,İzmir(Tire),
Üretim Miktarı,Kabak (Sakız),Ton,2025,İzmir(Tire),
Ekilen Alan,Kabak (Sakız),Dekar,2025,İzmir(Torbalı),124
Üretim Miktarı,Kabak (Sakız),Ton,2025,İzmir(Torbalı),376
Ekilen Alan,Kabak (Sakız),Dekar,2025,İzmir(Ödemiş),50
Üretim Miktarı,Kabak (Sakız),Ton,2025,İzmir(Ödemiş),175
Ekilen Alan,Karpuz,Dekar,2014,İzmir(Bayındır),4000
Üretim Miktarı,Karpuz,Ton,2014,İzmir(Bayındır),20000
Ekilen Alan,Karpuz,Dekar,2014,İzmir(Bergama),1400
Üretim Miktarı,Karpuz,Ton,2014,İzmir(Bergama),3080
Ekilen Alan,Karpuz,Dekar,2014,İzmir(Menderes),4860
Üretim Miktarı,Karpuz,Ton,2014,İzmir(Menderes),19440
Ekilen Alan,Karpuz,Dekar,2014,İzmir(Tire),14000
Üretim Miktarı,Karpuz,Ton,2014,İzmir(Tire),56000
Ekilen Alan,Karpuz,Dekar,2014,İzmir(Torbalı),4500
Üretim Miktarı,Karpuz,Ton,2014,İzmir(Torbalı),19125
Ekilen Alan,Karpuz,Dekar,2014,İzmir(Ödemiş),15000
Üretim Miktarı,Karpuz,Ton,2014,İzmir(Ödemiş),97500
Ekilen Alan,Karpuz,Dekar,2015,İzmir(Bayındır),4000
Üretim Miktarı,Karpuz,Ton,2015,İzmir(Bayındır),20028
Ekilen Alan,Karpuz,Dekar,2015,İzmir(Bergama),1400
Üretim Miktarı,Karpuz,Ton,2015,İzmir(Bergama),3084
Ekilen Alan,Karpuz,Dekar,2015,İzmir(Menderes),4860
Üretim Miktarı,Karpuz,Ton,2015,İzmir(Menderes),19469
Ekilen Alan,Karpuz,Dekar,2015,İzmir(Tire),13450
Üretim Miktarı,Karpuz,Ton,2015,İzmir(Tire),53881
Ekilen Alan,Karpuz,Dekar,2015,İzmir(Torbalı),2240
Üretim Miktarı,Karpuz,Ton,2015,İzmir(Torbalı),10096
Ekilen Alan,Karpuz,Dekar,2015,İzmir(Ödemiş),15000
Üretim Miktarı,Karpuz,Ton,2015,İzmir(Ödemiş),97635
Ekilen Alan,Karpuz,Dekar,2016,İzmir(Bayındır),4000
Üretim Miktarı,Karpuz,Ton,2016,İzmir(Bayındır),20000
Ekilen Alan,Karpuz,Dekar,2016,İzmir(Bergama),1400
Üretim Miktarı,Karpuz,Ton,2016,İzmir(Bergama),3080
Ekilen Alan,Karpuz,Dekar,2016,İzmir(Menderes),4860
Üretim Miktarı,Karpuz,Ton,2016,İzmir(Menderes),19440
Ekilen Alan,Karpuz,Dekar,2016,İzmir(Tire),13000
Üretim Miktarı,Karpuz,Ton,2016,İzmir(Tire),39000
Ekilen Alan,Karpuz,Dekar,2016,İzmir(Torbalı),1850
Üretim Miktarı,Karpuz,Ton,2016,İzmir(Torbalı),8325
Ekilen Alan,Karpuz,Dekar,2016,İzmir(Ödemiş),15000
Üretim Miktarı,Karpuz,Ton,2016,İzmir(Ödemiş),97500
Ekilen Alan,Karpuz,Dekar,2017,İzmir(Bayındır),4000
Üretim Miktarı,Karpuz,Ton,2017,İzmir(Bayındır),20000
Ekilen Alan,Karpuz,Dekar,2017,İzmir(Bergama),1250
Üretim Miktarı,Karpuz,Ton,2017,İzmir(Bergama),2750
Ekilen Alan,Karpuz,Dekar,2017,İzmir(Menderes),4660
Üretim Miktarı,Karpuz,Ton,2017,İzmir(Menderes),18640
Ekilen Alan,Karpuz,Dekar,2017,İzmir(Tire),13000
Üretim Miktarı,Karpuz,Ton,2017,İzmir(Tire),39000
Ekilen Alan,Karpuz,Dekar,2017,İzmir(Torbalı),1160
Üretim Miktarı,Karpuz,Ton,2017,İzmir(Torbalı),5220
Ekilen Alan,Karpuz,Dekar,2017,İzmir(Ödemiş),15000
Üretim Miktarı,Karpuz,Ton,2017,İzmir(Ödemiş),97500
Ekilen Alan,Karpuz,Dekar,2018,İzmir(Bayındır),4000
Üretim Miktarı,Karpuz,Ton,2018,İzmir(Bayındır),20000
Ekilen Alan,Karpuz,Dekar,2018,İzmir(Bergama),1250
Üretim Miktarı,Karpuz,Ton,2018,İzmir(Bergama),2750
Ekilen Alan,Karpuz,Dekar,2018,İzmir(Menderes),4660
Üretim Miktarı,Karpuz,Ton,2018,İzmir(Menderes),18640
Ekilen Alan,Karpuz,Dekar,2018,İzmir(Tire),5000
Üretim Miktarı,Karpuz,Ton,2018,İzmir(Tire),15000
Ekilen Alan,Karpuz,Dekar,2018,İzmir(Torbalı),1130
Üretim Miktarı,Karpuz,Ton,2018,İzmir(Torbalı),5085
Ekilen Alan,Karpuz,Dekar,2018,İzmir(Ödemiş),12000
Üretim Miktarı,Karpuz,Ton,2018,İzmir(Ödemiş),78000
Ekilen Alan,Karpuz,Dekar,2019,İzmir(Bayındır),2200
Üretim Miktarı,Karpuz,Ton,2019,İzmir(Bayındır),11000
Ekilen Alan,Karpuz,Dekar,2019,İzmir(Bergama),1250
Üretim Miktarı,Karpuz,Ton,2019,İzmir(Bergama),2750
Ekilen Alan,Karpuz,Dekar,2019,İzmir(Menderes),4660
Üretim Miktarı,Karpuz,Ton,2019,İzmir(Menderes),18640
Ekilen Alan,Karpuz,Dekar,2019,İzmir(Tire),4750
Üretim Miktarı,Karpuz,Ton,2019,İzmir(Tire),14250
Ekilen Alan,Karpuz,Dekar,2019,İzmir(Torbalı),930
Üretim Miktarı,Karpuz,Ton,2019,İzmir(Torbalı),4092
Ekilen Alan,Karpuz,Dekar,2019,İzmir(Ödemiş),11000
Üretim Miktarı,Karpuz,Ton,2019,İzmir(Ödemiş),71500
Ekilen Alan,Karpuz,Dekar,2020,İzmir(Bayındır),1450
Üretim Miktarı,Karpuz,Ton,2020,İzmir(Bayındır),6525
Ekilen Alan,Karpuz,Dekar,2020,İzmir(Bergama),1250
Üretim Miktarı,Karpuz,Ton,2020,İzmir(Bergama),2750
Ekilen Alan,Karpuz,Dekar,2020,İzmir(Menderes),1200
Üretim Miktarı,Karpuz,Ton,2020,İzmir(Menderes),4800
Ekilen Alan,Karpuz,Dekar,2020,İzmir(Tire),850
Üretim Miktarı,Karpuz,Ton,2020,İzmir(Tire),2550
Ekilen Alan,Karpuz,Dekar,2020,İzmir(Torbalı),1130
Üretim Miktarı,Karpuz,Ton,2020,İzmir(Torbalı),4803
Ekilen Alan,Karpuz,Dekar,2020,İzmir(Ödemiş),2000
Üretim Miktarı,Karpuz,Ton,2020,İzmir(Ödemiş),9000
Ekilen Alan,Karpuz,Dekar,2021,İzmir(Bayındır),1408
Üretim Miktarı,Karpuz,Ton,2021,İzmir(Bayındır),6336
Ekilen Alan,Karpuz,Dekar,2021,İzmir(Bergama),214
Üretim Miktarı,Karpuz,Ton,2021,İzmir(Bergama),471
Ekilen Alan,Karpuz,Dekar,2021,İzmir(Menderes),1103
Üretim Miktarı,Karpuz,Ton,2021,İzmir(Menderes),4412
Ekilen Alan,Karpuz,Dekar,2021,İzmir(Tire),773
Üretim Miktarı,Karpuz,Ton,2021,İzmir(Tire),2319
Ekilen Alan,Karpuz,Dekar,2021,İzmir(Torbalı),1250
Üretim Miktarı,Karpuz,Ton,2021,İzmir(Torbalı),5313
Ekilen Alan,Karpuz,Dekar,2021,İzmir(Ödemiş),2500
Üretim Miktarı,Karpuz,Ton,2021,İzmir(Ödemiş),11250
Ekilen Alan,Karpuz,Dekar,2022,İzmir(Bayındır),1450
Üretim Miktarı,Karpuz,Ton,2022,İzmir(Bayındır),6525
Ekilen Alan,Karpuz,Dekar,2022,İzmir(Bergama),99
Üretim Miktarı,Karpuz,Ton,2022,İzmir(Bergama),218
Ekilen Alan,Karpuz,Dekar,2022,İzmir(Menderes),1103
Üretim Miktarı,Karpuz,Ton,2022,İzmir(Menderes),4412
Ekilen Alan,Karpuz,Dekar,2022,İzmir(Tire),1155
Üretim Miktarı,Karpuz,Ton,2022,İzmir(Tire),3465
Ekilen Alan,Karpuz,Dekar,2022,İzmir(Torbalı),1200
Üretim Miktarı,Karpuz,Ton,2022,İzmir(Torbalı),5400
Ekilen Alan,Karpuz,Dekar,2022,İzmir(Ödemiş),5000
Üretim Miktarı,Karpuz,Ton,2022,İzmir(Ödemiş),22500
Ekilen Alan,Karpuz,Dekar,2023,İzmir(Bayındır),1500
Üretim Miktarı,Karpuz,Ton,2023,İzmir(Bayındır),6750
Ekilen Alan,Karpuz,Dekar,2023,İzmir(Bergama),57
Üretim Miktarı,Karpuz,Ton,2023,İzmir(Bergama),126
Ekilen Alan,Karpuz,Dekar,2023,İzmir(Menderes),1103
Üretim Miktarı,Karpuz,Ton,2023,İzmir(Menderes),4412
Ekilen Alan,Karpuz,Dekar,2023,İzmir(Tire),1026
Üretim Miktarı,Karpuz,Ton,2023,İzmir(Tire),3078
Ekilen Alan,Karpuz,Dekar,2023,İzmir(Torbalı),1250
Üretim Miktarı,Karpuz,Ton,2023,İzmir(Torbalı),5000
Ekilen Alan,Karpuz,Dekar,2023,İzmir(Ödemiş),2500
Üretim Miktarı,Karpuz,Ton,2023,İzmir(Ödemiş),11250
Ekilen Alan,Karpuz,Dekar,2024,İzmir(Bayındır),1500
Üretim Miktarı,Karpuz,Ton,2024,İzmir(Bayındır),6750
Ekilen Alan,Karpuz,Dekar,2024,İzmir(Bergama),201
Üretim Miktarı,Karpuz,Ton,2024,İzmir(Bergama),443
Ekilen Alan,Karpuz,Dekar,2024,İzmir(Menderes),1103
Üretim Miktarı,Karpuz,Ton,2024,İzmir(Menderes),4412
Ekilen Alan,Karpuz,Dekar,2024,İzmir(Tire),1350
Üretim Miktarı,Karpuz,Ton,2024,İzmir(Tire),4050
Ekilen Alan,Karpuz,Dekar,2024,İzmir(Torbalı),1685
Üretim Miktarı,Karpuz,Ton,2024,İzmir(Torbalı),6740
Ekilen Alan,Karpuz,Dekar,2024,İzmir(Ödemiş),2500
Üretim Miktarı,Karpuz,Ton,2024,İzmir(Ödemiş),11250
Ekilen Alan,Karpuz,Dekar,2025,İzmir(Bayındır),2415
Üretim Miktarı,Karpuz,Ton,2025,İzmir(Bayındır),10868
Ekilen Alan,Karpuz,Dekar,2025,İzmir(Bergama),222
Üretim Miktarı,Karpuz,Ton,2025,İzmir(Bergama),489
Ekilen Alan,Karpuz,Dekar,2025,İzmir(Menderes),1500
Üretim Miktarı,Karpuz,Ton,2025,İzmir(Menderes),6000
Ekilen Alan,Karpuz,Dekar,2025,İzmir(Tire),2100
Üretim Miktarı,Karpuz,Ton,2025,İzmir(Tire),9450
Ekilen Alan,Karpuz,Dekar,2025,İzmir(Torbalı),2550
Üretim Miktarı,Karpuz,Ton,2025,İzmir(Torbalı),11475
Ekilen Alan,Karpuz,Dekar,2025,İzmir(Ödemiş),2500
Üretim Miktarı,Karpuz,Ton,2025,İzmir(Ödemiş),12500
Ekilen Alan,Patlıcan,Dekar,2014,İzmir(Bayındır),2000
Üretim Miktarı,Patlıcan,Ton,2014,İzmir(Bayındır),6600
Ekilen Alan,Patlıcan,Dekar,2014,İzmir(Bergama),1400
Üretim Miktarı,Patlıcan,Ton,2014,İzmir(Bergama),2520
Ekilen Alan,Patlıcan,Dekar,2014,İzmir(Menderes),410
Üretim Miktarı,Patlıcan,Ton,2014,İzmir(Menderes),1046
Ekilen Alan,Patlıcan,Dekar,2014,İzmir(Tire),1500
Üretim Miktarı,Patlıcan,Ton,2014,İzmir(Tire),4500
Ekilen Alan,Patlıcan,Dekar,2014,İzmir(Torbalı),519
Üretim Miktarı,Patlıcan,Ton,2014,İzmir(Torbalı),1555
Ekilen Alan,Patlıcan,Dekar,2014,İzmir(Ödemiş),1500
Üretim Miktarı,Patlıcan,Ton,2014,İzmir(Ödemiş),6000
Ekilen Alan,Patlıcan,Dekar,2015,İzmir(Bayındır),1000
Üretim Miktarı,Patlıcan,Ton,2015,İzmir(Bayındır),3300
Ekilen Alan,Patlıcan,Dekar,2015,İzmir(Bergama),1400
Üretim Miktarı,Patlıcan,Ton,2015,İzmir(Bergama),2520
Ekilen Alan,Patlıcan,Dekar,2015,İzmir(Menderes),420
Üretim Miktarı,Patlıcan,Ton,2015,İzmir(Menderes),1076
Ekilen Alan,Patlıcan,Dekar,2015,İzmir(Tire),1480
Üretim Miktarı,Patlıcan,Ton,2015,İzmir(Tire),4440
Ekilen Alan,Patlıcan,Dekar,2015,İzmir(Torbalı),250
Üretim Miktarı,Patlıcan,Ton,2015,İzmir(Torbalı),748
Ekilen Alan,Patlıcan,Dekar,2015,İzmir(Ödemiş),1500
Üretim Miktarı,Patlıcan,Ton,2015,İzmir(Ödemiş),6000
Ekilen Alan,Patlıcan,Dekar,2016,İzmir(Bayındır),1000
Üretim Miktarı,Patlıcan,Ton,2016,İzmir(Bayındır),3300
Ekilen Alan,Patlıcan,Dekar,2016,İzmir(Bergama),1400
Üretim Miktarı,Patlıcan,Ton,2016,İzmir(Bergama),2520
Ekilen Alan,Patlıcan,Dekar,2016,İzmir(Menderes),530
Üretim Miktarı,Patlıcan,Ton,2016,İzmir(Menderes),1451
Ekilen Alan,Patlıcan,Dekar,2016,İzmir(Tire),1500
Üretim Miktarı,Patlıcan,Ton,2016,İzmir(Tire),4575
Ekilen Alan,Patlıcan,Dekar,2016,İzmir(Torbalı),355
Üretim Miktarı,Patlıcan,Ton,2016,İzmir(Torbalı),1063
Ekilen Alan,Patlıcan,Dekar,2016,İzmir(Ödemiş),1500
Üretim Miktarı,Patlıcan,Ton,2016,İzmir(Ödemiş),6000
Ekilen Alan,Patlıcan,Dekar,2017,İzmir(Bayındır),1000
Üretim Miktarı,Patlıcan,Ton,2017,İzmir(Bayındır),3300
Ekilen Alan,Patlıcan,Dekar,2017,İzmir(Bergama),1200
Üretim Miktarı,Patlıcan,Ton,2017,İzmir(Bergama),2160
Ekilen Alan,Patlıcan,Dekar,2017,İzmir(Menderes),861
Üretim Miktarı,Patlıcan,Ton,2017,İzmir(Menderes),2234
Ekilen Alan,Patlıcan,Dekar,2017,İzmir(Tire),1500
Üretim Miktarı,Patlıcan,Ton,2017,İzmir(Tire),4500
Ekilen Alan,Patlıcan,Dekar,2017,İzmir(Torbalı),385
Üretim Miktarı,Patlıcan,Ton,2017,İzmir(Torbalı),1153
Ekilen Alan,Patlıcan,Dekar,2017,İzmir(Ödemiş),1900
Üretim Miktarı,Patlıcan,Ton,2017,İzmir(Ödemiş),7600
Ekilen Alan,Patlıcan,Dekar,2018,İzmir(Bayındır),1000
Üretim Miktarı,Patlıcan,Ton,2018,İzmir(Bayındır),3300
Ekilen Alan,Patlıcan,Dekar,2018,İzmir(Bergama),1200
Üretim Miktarı,Patlıcan,Ton,2018,İzmir(Bergama),2160
Ekilen Alan,Patlıcan,Dekar,2018,İzmir(Menderes),961
Üretim Miktarı,Patlıcan,Ton,2018,İzmir(Menderes),2584
Ekilen Alan,Patlıcan,Dekar,2018,İzmir(Tire),500
Üretim Miktarı,Patlıcan,Ton,2018,İzmir(Tire),1500
Ekilen Alan,Patlıcan,Dekar,2018,İzmir(Torbalı),331
Üretim Miktarı,Patlıcan,Ton,2018,İzmir(Torbalı),990
Ekilen Alan,Patlıcan,Dekar,2018,İzmir(Ödemiş),2000
Üretim Miktarı,Patlıcan,Ton,2018,İzmir(Ödemiş),8000
Ekilen Alan,Patlıcan,Dekar,2019,İzmir(Bayındır),800
Üretim Miktarı,Patlıcan,Ton,2019,İzmir(Bayındır),2640
Ekilen Alan,Patlıcan,Dekar,2019,İzmir(Bergama),1200
Üretim Miktarı,Patlıcan,Ton,2019,İzmir(Bergama),2160
Ekilen Alan,Patlıcan,Dekar,2019,İzmir(Menderes),1501
Üretim Miktarı,Patlıcan,Ton,2019,İzmir(Menderes),4153
Ekilen Alan,Patlıcan,Dekar,2019,İzmir(Tire),520
Üretim Miktarı,Patlıcan,Ton,2019,İzmir(Tire),1560
Ekilen Alan,Patlıcan,Dekar,2019,İzmir(Torbalı),455
Üretim Miktarı,Patlıcan,Ton,2019,İzmir(Torbalı),1318
Ekilen Alan,Patlıcan,Dekar,2019,İzmir(Ödemiş),2000
Üretim Miktarı,Patlıcan,Ton,2019,İzmir(Ödemiş),8000
Ekilen Alan,Patlıcan,Dekar,2020,İzmir(Bayındır),300
Üretim Miktarı,Patlıcan,Ton,2020,İzmir(Bayındır),1200
Ekilen Alan,Patlıcan,Dekar,2020,İzmir(Bergama),1200
Üretim Miktarı,Patlıcan,Ton,2020,İzmir(Bergama),2160
Ekilen Alan,Patlıcan,Dekar,2020,İzmir(Menderes),2150
Üretim Miktarı,Patlıcan,Ton,2020,İzmir(Menderes),7800
Ekilen Alan,Patlıcan,Dekar,2020,İzmir(Tire),185
Üretim Miktarı,Patlıcan,Ton,2020,İzmir(Tire),555
Ekilen Alan,Patlıcan,Dekar,2020,İzmir(Torbalı),180
Üretim Miktarı,Patlıcan,Ton,2020,İzmir(Torbalı),504
Ekilen Alan,Patlıcan,Dekar,2020,İzmir(Ödemiş),1500
Üretim Miktarı,Patlıcan,Ton,2020,İzmir(Ödemiş),6000
Ekilen Alan,Patlıcan,Dekar,2021,İzmir(Bayındır),400
Üretim Miktarı,Patlıcan,Ton,2021,İzmir(Bayındır),1600
Ekilen Alan,Patlıcan,Dekar,2021,İzmir(Bergama),77
Üretim Miktarı,Patlıcan,Ton,2021,İzmir(Bergama),139
Ekilen Alan,Patlıcan,Dekar,2021,İzmir(Menderes),2150
Üretim Miktarı,Patlıcan,Ton,2021,İzmir(Menderes),7800
Ekilen Alan,Patlıcan,Dekar,2021,İzmir(Tire),168
Üretim Miktarı,Patlıcan,Ton,2021,İzmir(Tire),504
Ekilen Alan,Patlıcan,Dekar,2021,İzmir(Torbalı),245
Üretim Miktarı,Patlıcan,Ton,2021,İzmir(Torbalı),704
Ekilen Alan,Patlıcan,Dekar,2021,İzmir(Ödemiş),150
Üretim Miktarı,Patlıcan,Ton,2021,İzmir(Ödemiş),600
Ekilen Alan,Patlıcan,Dekar,2022,İzmir(Bayındır),350
Üretim Miktarı,Patlıcan,Ton,2022,İzmir(Bayındır),1401
Ekilen Alan,Patlıcan,Dekar,2022,İzmir(Bergama),52
Üretim Miktarı,Patlıcan,Ton,2022,İzmir(Bergama),94
Ekilen Alan,Patlıcan,Dekar,2022,İzmir(Menderes),2150
Üretim Miktarı,Patlıcan,Ton,2022,İzmir(Menderes),7802
Ekilen Alan,Patlıcan,Dekar,2022,İzmir(Tire),
Üretim Miktarı,Patlıcan,Ton,2022,İzmir(Tire),
Ekilen Alan,Patlıcan,Dekar,2022,İzmir(Torbalı),176
Üretim Miktarı,Patlıcan,Ton,2022,İzmir(Torbalı),536
Ekilen Alan,Patlıcan,Dekar,2022,İzmir(Ödemiş),150
Üretim Miktarı,Patlıcan,Ton,2022,İzmir(Ödemiş),600
Ekilen Alan,Patlıcan,Dekar,2023,İzmir(Bayındır),350
Üretim Miktarı,Patlıcan,Ton,2023,İzmir(Bayındır),1401
Ekilen Alan,Patlıcan,Dekar,2023,İzmir(Bergama),46
Üretim Miktarı,Patlıcan,Ton,2023,İzmir(Bergama),83
Ekilen Alan,Patlıcan,Dekar,2023,İzmir(Menderes),2155
Üretim Miktarı,Patlıcan,Ton,2023,İzmir(Menderes),7830
Ekilen Alan,Patlıcan,Dekar,2023,İzmir(Tire),
Üretim Miktarı,Patlıcan,Ton,2023,İzmir(Tire),
Ekilen Alan,Patlıcan,Dekar,2023,İzmir(Torbalı),128
Üretim Miktarı,Patlıcan,Ton,2023,İzmir(Torbalı),324
Ekilen Alan,Patlıcan,Dekar,2023,İzmir(Ödemiş),700
Üretim Miktarı,Patlıcan,Ton,2023,İzmir(Ödemiş),2800
Ekilen Alan,Patlıcan,Dekar,2024,İzmir(Bayındır),400
Üretim Miktarı,Patlıcan,Ton,2024,İzmir(Bayındır),1600
Ekilen Alan,Patlıcan,Dekar,2024,İzmir(Bergama),457
Üretim Miktarı,Patlıcan,Ton,2024,İzmir(Bergama),826
Ekilen Alan,Patlıcan,Dekar,2024,İzmir(Menderes),2405
Üretim Miktarı,Patlıcan,Ton,2024,İzmir(Menderes),12150
Ekilen Alan,Patlıcan,Dekar,2024,İzmir(Tire),
Üretim Miktarı,Patlıcan,Ton,2024,İzmir(Tire),
Ekilen Alan,Patlıcan,Dekar,2024,İzmir(Torbalı),280
Üretim Miktarı,Patlıcan,Ton,2024,İzmir(Torbalı),716
Ekilen Alan,Patlıcan,Dekar,2024,İzmir(Ödemiş),700
Üretim Miktarı,Patlıcan,Ton,2024,İzmir(Ödemiş),2800
Ekilen Alan,Patlıcan,Dekar,2025,İzmir(Bayındır),352
Üretim Miktarı,Patlıcan,Ton,2025,İzmir(Bayındır),1408
Ekilen Alan,Patlıcan,Dekar,2025,İzmir(Bergama),389
Üretim Miktarı,Patlıcan,Ton,2025,İzmir(Bergama),703
Ekilen Alan,Patlıcan,Dekar,2025,İzmir(Menderes),1900
Üretim Miktarı,Patlıcan,Ton,2025,İzmir(Menderes),8500
Ekilen Alan,Patlıcan,Dekar,2025,İzmir(Tire),
Üretim Miktarı,Patlıcan,Ton,2025,İzmir(Tire),
Ekilen Alan,Patlıcan,Dekar,2025,İzmir(Torbalı),240
Üretim Miktarı,Patlıcan,Ton,2025,İzmir(Torbalı),616
Ekilen Alan,Patlıcan,Dekar,2025,İzmir(Ödemiş),500
Üretim Miktarı,Patlıcan,Ton,2025,İzmir(Ödemiş),2000
Ekilen Alan,Soğan (Kuru),Dekar,2014,İzmir(Bayındır),
Üretim Miktarı,Soğan (Kuru),Ton,2014,İzmir(Bayındır),
Ekilen Alan,Soğan (Kuru),Dekar,2014,İzmir(Bergama),950
Üretim Miktarı,Soğan (Kuru),Ton,2014,İzmir(Bergama),1805
Ekilen Alan,Soğan (Kuru),Dekar,2014,İzmir(Menderes),
Üretim Miktarı,Soğan (Kuru),Ton,2014,İzmir(Menderes),
Ekilen Alan,Soğan (Kuru),Dekar,2014,İzmir(Tire),
Üretim Miktarı,Soğan (Kuru),Ton,2014,İzmir(Tire),
Ekilen Alan,Soğan (Kuru),Dekar,2014,İzmir(Torbalı),
Üretim Miktarı,Soğan (Kuru),Ton,2014,İzmir(Torbalı),
Ekilen Alan,Soğan (Kuru),Dekar,2014,İzmir(Ödemiş),50
Üretim Miktarı,Soğan (Kuru),Ton,2014,İzmir(Ödemiş),100
Ekilen Alan,Soğan (Kuru),Dekar,2015,İzmir(Bayındır),
Üretim Miktarı,Soğan (Kuru),Ton,2015,İzmir(Bayındır),
Ekilen Alan,Soğan (Kuru),Dekar,2015,İzmir(Bergama),950
Üretim Miktarı,Soğan (Kuru),Ton,2015,İzmir(Bergama),1805
Ekilen Alan,Soğan (Kuru),Dekar,2015,İzmir(Menderes),
Üretim Miktarı,Soğan (Kuru),Ton,2015,İzmir(Menderes),
Ekilen Alan,Soğan (Kuru),Dekar,2015,İzmir(Tire),
Üretim Miktarı,Soğan (Kuru),Ton,2015,İzmir(Tire),
Ekilen Alan,Soğan (Kuru),Dekar,2015,İzmir(Torbalı),
Üretim Miktarı,Soğan (Kuru),Ton,2015,İzmir(Torbalı),
Ekilen Alan,Soğan (Kuru),Dekar,2015,İzmir(Ödemiş),50
Üretim Miktarı,Soğan (Kuru),Ton,2015,İzmir(Ödemiş),100
Ekilen Alan,Soğan (Kuru),Dekar,2016,İzmir(Bayındır),
Üretim Miktarı,Soğan (Kuru),Ton,2016,İzmir(Bayındır),
Ekilen Alan,Soğan (Kuru),Dekar,2016,İzmir(Bergama),1000
Üretim Miktarı,Soğan (Kuru),Ton,2016,İzmir(Bergama),1900
Ekilen Alan,Soğan (Kuru),Dekar,2016,İzmir(Menderes),
Üretim Miktarı,Soğan (Kuru),Ton,2016,İzmir(Menderes),
Ekilen Alan,Soğan (Kuru),Dekar,2016,İzmir(Tire),
Üretim Miktarı,Soğan (Kuru),Ton,2016,İzmir(Tire),
Ekilen Alan,Soğan (Kuru),Dekar,2016,İzmir(Torbalı),
Üretim Miktarı,Soğan (Kuru),Ton,2016,İzmir(Torbalı),
Ekilen Alan,Soğan (Kuru),Dekar,2016,İzmir(Ödemiş),30
Üretim Miktarı,Soğan (Kuru),Ton,2016,İzmir(Ödemiş),60
Ekilen Alan,Soğan (Kuru),Dekar,2017,İzmir(Bayındır),
Üretim Miktarı,Soğan (Kuru),Ton,2017,İzmir(Bayındır),
Ekilen Alan,Soğan (Kuru),Dekar,2017,İzmir(Bergama),900
Üretim Miktarı,Soğan (Kuru),Ton,2017,İzmir(Bergama),1701
Ekilen Alan,Soğan (Kuru),Dekar,2017,İzmir(Menderes),
Üretim Miktarı,Soğan (Kuru),Ton,2017,İzmir(Menderes),
Ekilen Alan,Soğan (Kuru),Dekar,2017,İzmir(Tire),
Üretim Miktarı,Soğan (Kuru),Ton,2017,İzmir(Tire),
Ekilen Alan,Soğan (Kuru),Dekar,2017,İzmir(Torbalı),
Üretim Miktarı,Soğan (Kuru),Ton,2017,İzmir(Torbalı),
Ekilen Alan,Soğan (Kuru),Dekar,2017,İzmir(Ödemiş),
Üretim Miktarı,Soğan (Kuru),Ton,2017,İzmir(Ödemiş),
Ekilen Alan,Soğan (Kuru),Dekar,2018,İzmir(Bayındır),
Üretim Miktarı,Soğan (Kuru),Ton,2018,İzmir(Bayındır),
Ekilen Alan,Soğan (Kuru),Dekar,2018,İzmir(Bergama),800
Üretim Miktarı,Soğan (Kuru),Ton,2018,İzmir(Bergama),1520
Ekilen Alan,Soğan (Kuru),Dekar,2018,İzmir(Menderes),
Üretim Miktarı,Soğan (Kuru),Ton,2018,İzmir(Menderes),
Ekilen Alan,Soğan (Kuru),Dekar,2018,İzmir(Tire),
Üretim Miktarı,Soğan (Kuru),Ton,2018,İzmir(Tire),
Ekilen Alan,Soğan (Kuru),Dekar,2018,İzmir(Torbalı),
Üretim Miktarı,Soğan (Kuru),Ton,2018,İzmir(Torbalı),
Ekilen Alan,Soğan (Kuru),Dekar,2018,İzmir(Ödemiş),
Üretim Miktarı,Soğan (Kuru),Ton,2018,İzmir(Ödemiş),
Ekilen Alan,Soğan (Kuru),Dekar,2019,İzmir(Bayındır),
Üretim Miktarı,Soğan (Kuru),Ton,2019,İzmir(Bayındır),
Ekilen Alan,Soğan (Kuru),Dekar,2019,İzmir(Bergama),1000
Üretim Miktarı,Soğan (Kuru),Ton,2019,İzmir(Bergama),1800
Ekilen Alan,Soğan (Kuru),Dekar,2019,İzmir(Menderes),
Üretim Miktarı,Soğan (Kuru),Ton,2019,İzmir(Menderes),
Ekilen Alan,Soğan (Kuru),Dekar,2019,İzmir(Tire),
Üretim Miktarı,Soğan (Kuru),Ton,2019,İzmir(Tire),
Ekilen Alan,Soğan (Kuru),Dekar,2019,İzmir(Torbalı),
Üretim Miktarı,Soğan (Kuru),Ton,2019,İzmir(Torbalı),
Ekilen Alan,Soğan (Kuru),Dekar,2019,İzmir(Ödemiş),
Üretim Miktarı,Soğan (Kuru),Ton,2019,İzmir(Ödemiş),
Ekilen Alan,Soğan (Kuru),Dekar,2020,İzmir(Bayındır),
Üretim Miktarı,Soğan (Kuru),Ton,2020,İzmir(Bayındır),
Ekilen Alan,Soğan (Kuru),Dekar,2020,İzmir(Bergama),22
Üretim Miktarı,Soğan (Kuru),Ton,2020,İzmir(Bergama),35
Ekilen Alan,Soğan (Kuru),Dekar,2020,İzmir(Menderes),
Üretim Miktarı,Soğan (Kuru),Ton,2020,İzmir(Menderes),
Ekilen Alan,Soğan (Kuru),Dekar,2020,İzmir(Tire),
Üretim Miktarı,Soğan (Kuru),Ton,2020,İzmir(Tire),
Ekilen Alan,Soğan (Kuru),Dekar,2020,İzmir(Torbalı),
Üretim Miktarı,Soğan (Kuru),Ton,2020,İzmir(Torbalı),
Ekilen Alan,Soğan (Kuru),Dekar,2020,İzmir(Ödemiş),
Üretim Miktarı,Soğan (Kuru),Ton,2020,İzmir(Ödemiş),
Ekilen Alan,Soğan (Kuru),Dekar,2021,İzmir(Bayındır),
Üretim Miktarı,Soğan (Kuru),Ton,2021,İzmir(Bayındır),
Ekilen Alan,Soğan (Kuru),Dekar,2021,İzmir(Bergama),18
Üretim Miktarı,Soğan (Kuru),Ton,2021,İzmir(Bergama),25
Ekilen Alan,Soğan (Kuru),Dekar,2021,İzmir(Menderes),
Üretim Miktarı,Soğan (Kuru),Ton,2021,İzmir(Menderes),
Ekilen Alan,Soğan (Kuru),Dekar,2021,İzmir(Tire),
Üretim Miktarı,Soğan (Kuru),Ton,2021,İzmir(Tire),
Ekilen Alan,Soğan (Kuru),Dekar,2021,İzmir(Torbalı),
Üretim Miktarı,Soğan (Kuru),Ton,2021,İzmir(Torbalı),
Ekilen Alan,Soğan (Kuru),Dekar,2021,İzmir(Ödemiş),
Üretim Miktarı,Soğan (Kuru),Ton,2021,İzmir(Ödemiş),
Ekilen Alan,Soğan (Kuru),Dekar,2022,İzmir(Bayındır),
Üretim Miktarı,Soğan (Kuru),Ton,2022,İzmir(Bayındır),
Ekilen Alan,Soğan (Kuru),Dekar,2022,İzmir(Bergama),45
Üretim Miktarı,Soğan (Kuru),Ton,2022,İzmir(Bergama),65
Ekilen Alan,Soğan (Kuru),Dekar,2022,İzmir(Menderes),
Üretim Miktarı,Soğan (Kuru),Ton,2022,İzmir(Menderes),
Ekilen Alan,Soğan (Kuru),Dekar,2022,İzmir(Tire),
Üretim Miktarı,Soğan (Kuru),Ton,2022,İzmir(Tire),
Ekilen Alan,Soğan (Kuru),Dekar,2022,İzmir(Torbalı),
Üretim Miktarı,Soğan (Kuru),Ton,2022,İzmir(Torbalı),
Ekilen Alan,Soğan (Kuru),Dekar,2022,İzmir(Ödemiş),
Üretim Miktarı,Soğan (Kuru),Ton,2022,İzmir(Ödemiş),
Ekilen Alan,Soğan (Kuru),Dekar,2023,İzmir(Bayındır),
Üretim Miktarı,Soğan (Kuru),Ton,2023,İzmir(Bayındır),
Ekilen Alan,Soğan (Kuru),Dekar,2023,İzmir(Bergama),65
Üretim Miktarı,Soğan (Kuru),Ton,2023,İzmir(Bergama),80
Ekilen Alan,Soğan (Kuru),Dekar,2023,İzmir(Menderes),
Üretim Miktarı,Soğan (Kuru),Ton,2023,İzmir(Menderes),
Ekilen Alan,Soğan (Kuru),Dekar,2023,İzmir(Tire),
Üretim Miktarı,Soğan (Kuru),Ton,2023,İzmir(Tire),
Ekilen Alan,Soğan (Kuru),Dekar,2023,İzmir(Torbalı),
Üretim Miktarı,Soğan (Kuru),Ton,2023,İzmir(Torbalı),
Ekilen Alan,Soğan (Kuru),Dekar,2023,İzmir(Ödemiş),
Üretim Miktarı,Soğan (Kuru),Ton,2023,İzmir(Ödemiş),
Ekilen Alan,Soğan (Kuru),Dekar,2024,İzmir(Bayındır),
Üretim Miktarı,Soğan (Kuru),Ton,2024,İzmir(Bayındır),
Ekilen Alan,Soğan (Kuru),Dekar,2024,İzmir(Bergama),86
Üretim Miktarı,Soğan (Kuru),Ton,2024,İzmir(Bergama),106
Ekilen Alan,Soğan (Kuru),Dekar,2024,İzmir(Menderes),
Üretim Miktarı,Soğan (Kuru),Ton,2024,İzmir(Menderes),
Ekilen Alan,Soğan (Kuru),Dekar,2024,İzmir(Tire),
Üretim Miktarı,Soğan (Kuru),Ton,2024,İzmir(Tire),
Ekilen Alan,Soğan (Kuru),Dekar,2024,İzmir(Torbalı),
Üretim Miktarı,Soğan (Kuru),Ton,2024,İzmir(Torbalı),
Ekilen Alan,Soğan (Kuru),Dekar,2024,İzmir(Ödemiş),
Üretim Miktarı,Soğan (Kuru),Ton,2024,İzmir(Ödemiş),
Ekilen Alan,Soğan (Kuru),Dekar,2025,İzmir(Bayındır),
Üretim Miktarı,Soğan (Kuru),Ton,2025,İzmir(Bayındır),
Ekilen Alan,Soğan (Kuru),Dekar,2025,İzmir(Bergama),53
Üretim Miktarı,Soğan (Kuru),Ton,2025,İzmir(Bergama),57
Ekilen Alan,Soğan (Kuru),Dekar,2025,İzmir(Menderes),
Üretim Miktarı,Soğan (Kuru),Ton,2025,İzmir(Menderes),
Ekilen Alan,Soğan (Kuru),Dekar,2025,İzmir(Tire),
Üretim Miktarı,Soğan (Kuru),Ton,2025,İzmir(Tire),
Ekilen Alan,Soğan (Kuru),Dekar,2025,İzmir(Torbalı),
Üretim Miktarı,Soğan (Kuru),Ton,2025,İzmir(Torbalı),
Ekilen Alan,Soğan (Kuru),Dekar,2025,İzmir(Ödemiş),
Üretim Miktarı,Soğan (Kuru),Ton,2025,İzmir(Ödemiş),
