product_name,year,district,planted_area,production_amount,fuel_price,fertilizer_price
BAKLA,2013,İzmir(Bayındır),220.0,114.0,,852.0
BAKLA,2013,İzmir(Bergama),1000.0,800.0,,852.0
BAKLA,2013,İzmir(Menderes),41.0,37.0,,852.0
BAKLA,2013,İzmir(Tire),650.0,520.0,,852.0
BAKLA,2013,İzmir(Torbalı),195.0,263.0,,852.0
BAKLA,2013,İzmir(Ödemiş),750.0,1125.0,,852.0
BAKLA,2014,İzmir(Bayındır),220.0,114.0,4.4350000000000005,886.0
BAKLA,2014,İzmir(Bergama),1000.0,800.0,4.4350000000000005,886.0
BAKLA,2014,İzmir(Menderes),41.0,37.0,4.4350000000000005,886.0
BAKLA,2014,İzmir(Tire),600.0,480.0,4.4350000000000005,886.0
BAKLA,2014,İzmir(Torbalı),195.0,263.0,4.4350000000000005,886.0
BAKLA,2014,İzmir(Ödemiş),750.0,1125.0,4.4350000000000005,886.0
BAKLA,2015,İzmir(Bayındır),200.0,104.0,3.855,903.33
BAKLA,2015,İzmir(Bergama),1000.0,800.0,3.855,903.33
BAKLA,2015,İzmir(Menderes),46.0,41.0,3.855,903.33
BAKLA,2015,İzmir(Tire),550.0,440.0,3.855,903.33
BAKLA,2015,İzmir(Torbalı),160.0,216.0,3.855,903.33
BAKLA,2015,İzmir(Ödemiş),750.0,1125.0,3.855,903.33
BAKLA,2016,İzmir(Bayındır),100.0,52.0,3.7575,822.67
BAKLA,2016,İzmir(Bergama),1000.0,800.0,3.7575,822.67
BAKLA,2016,İzmir(Menderes),46.0,41.0,3.7575,822.67
BAKLA,2016,İzmir(Tire),550.0,440.0,3.7575,822.67
BAKLA,2016,İzmir(Torbalı),160.0,216.0,3.7575,822.67
BAKLA,2016,İzmir(Ödemiş),750.0,1125.0,3.7575,822.67
BAKLA,2017,İzmir(Bayındır),100.0,52.0,4.6125,906.33
BAKLA,2017,İzmir(Bergama),1000.0,800.0,4.6125,906.33
BAKLA,2017,İzmir(Menderes),37.0,22.0,4.6125,906.33
BAKLA,2017,İzmir(Tire),600.0,480.0,4.6125,906.33
BAKLA,2017,İzmir(Torbalı),200.0,270.0,4.6125,906.33
BAKLA,2017,İzmir(Ödemiş),750.0,1125.0,4.6125,906.33
BAKLA,2018,İzmir(Bayındır),100.0,52.0,5.68,1217.33
BAKLA,2018,İzmir(Bergama),1000.0,800.0,5.68,1217.33
BAKLA,2018,İzmir(Menderes),37.0,22.0,5.68,1217.33
BAKLA,2018,İzmir(Tire),300.0,240.0,5.68,1217.33
BAKLA,2018,İzmir(Torbalı),140.0,189.0,5.68,1217.33
BAKLA,2018,İzmir(Ödemiş),550.0,825.0,5.68,1217.33
BAKLA,2019,İzmir(Bayındır),50.0,26.0,6.3375,1486.33
BAKLA,2019,İzmir(Bergama),1000.0,800.0,6.3375,1486.33
BAKLA,2019,İzmir(Menderes),37.0,22.0,6.3375,1486.33
BAKLA,2019,İzmir(Tire),300.0,240.0,6.3375,1486.33
BAKLA,2019,İzmir(Torbalı),210.0,288.0,6.3375,1486.33
BAKLA,2019,İzmir(Ödemiş),550.0,825.0,6.3375,1486.33
BAKLA,2020,İzmir(Bayındır),50.0,26.0,6.065,2226.67
BAKLA,2020,İzmir(Bergama),1000.0,800.0,6.065,2226.67
BAKLA,2020,İzmir(Menderes),37.0,22.0,6.065,2226.67
BAKLA,2020,İzmir(Tire),20.0,16.0,6.065,2226.67
BAKLA,2020,İzmir(Torbalı),250.0,313.0,6.065,2226.67
BAKLA,2020,İzmir(Ödemiş),300.0,450.0,6.065,2226.67
BAKLA,2021,İzmir(Bayındır),50.0,26.0,7.1825,6709.0
BAKLA,2021,İzmir(Bergama),139.0,111.0,7.1825,6709.0
BAKLA,2021,İzmir(Menderes),30.0,18.0,7.1825,6709.0
BAKLA,2021,İzmir(Tire),16.0,13.0,7.1825,6709.0
BAKLA,2021,İzmir(Torbalı),316.0,395.0,7.1825,6709.0
BAKLA,2021,İzmir(Ödemiş),150.0,225.0,7.1825,6709.0
BAKLA,2022,İzmir(Bayındır),50.0,25.0,21.645,15353.33
BAKLA,2022,İzmir(Bergama),333.0,266.0,21.645,15353.33
BAKLA,2022,İzmir(Menderes),30.0,18.0,21.645,15353.33
BAKLA,2022,İzmir(Torbalı),200.0,250.0,21.645,15353.33
BAKLA,2022,İzmir(Ödemiş),150.0,225.0,21.645,15353.33
BAKLA,2023,İzmir(Bayındır),40.0,20.0,28.1275,10488.0
BAKLA,2023,İzmir(Bergama),201.0,160.0,28.1275,10488.0
BAKLA,2023,İzmir(Menderes),30.0,18.0,28.1275,10488.0
BAKLA,2023,İzmir(Torbalı),150.0,180.0,28.1275,10488.0
BAKLA,2023,İzmir(Ödemiş),200.0,300.0,28.1275,10488.0
BAKLA,2024,İzmir(Bayındır),40.0,20.0,42.6275,11266.67
BAKLA,2024,İzmir(Bergama),182.0,145.0,42.6275,11266.67
BAKLA,2024,İzmir(Menderes),30.0,18.0,42.6275,11266.67
BAKLA,2024,İzmir(Torbalı),170.0,204.0,42.6275,11266.67
BAKLA,2024,İzmir(Ödemiş),200.0,300.0,42.6275,11266.67
BAKLA,2025,İzmir(Bayındır),21.0,11.0,50.5925,14550.0
BAKLA,2025,İzmir(Bergama),142.0,113.0,50.5925,14550.0
BAKLA,2025,İzmir(Menderes),20.0,12.0,50.5925,14550.0
BAKLA,2025,İzmir(Torbalı),130.0,176.0,50.5925,14550.0
BAKLA,2025,İzmir(Ödemiş),250.0,375.0,50.5925,14550.0
BEZELYE,2013,İzmir(Bayındır),1200.0,750.0,,852.0
BEZELYE,2013,İzmir(Bergama),350.0,175.0,,852.0
BEZELYE,2013,İzmir(Tire),1650.0,1237.0,,852.0
BEZELYE,2013,İzmir(Torbalı),4065.0,3252.0,,852.0
BEZELYE,2013,İzmir(Ödemiş),1715.0,1372.0,,852.0
BEZELYE,2014,İzmir(Bayındır),1200.0,750.0,4.4350000000000005,886.0
BEZELYE,2014,İzmir(Bergama),350.0,175.0,4.4350000000000005,886.0
BEZELYE,2014,İzmir(Tire),1500.0,1125.0,4.4350000000000005,886.0
BEZELYE,2014,İzmir(Torbalı),4065.0,3252.0,4.4350000000000005,886.0
BEZELYE,2014,İzmir(Ödemiş),1715.0,3001.0,4.4350000000000005,886.0
BEZELYE,2015,İzmir(Bayındır),1300.0,813.0,3.855,903.33
BEZELYE,2015,İzmir(Bergama),350.0,175.0,3.855,903.33
BEZELYE,2015,İzmir(Tire),1550.0,1163.0,3.855,903.33
BEZELYE,2015,İzmir(Torbalı),2440.0,2440.0,3.855,903.33
BEZELYE,2015,İzmir(Ödemiş),1715.0,3001.0,3.855,903.33
BEZELYE,2016,İzmir(Bayındır),1000.0,625.0,3.7575,822.67
BEZELYE,2016,İzmir(Bergama),350.0,175.0,3.7575,822.67
BEZELYE,2016,İzmir(Tire),1600.0,1280.0,3.7575,822.67
BEZELYE,2016,İzmir(Torbalı),2400.0,2760.0,3.7575,822.67
BEZELYE,2016,İzmir(Ödemiş),1715.0,3001.0,3.7575,822.67
BEZELYE,2017,İzmir(Bayındır),1000.0,625.0,4.6125,906.33
BEZELYE,2017,İzmir(Bergama),350.0,175.0,4.6125,906.33
BEZELYE,2017,İzmir(Tire),1500.0,1200.0,4.6125,906.33
BEZELYE,2017,İzmir(Torbalı),1650.0,1898.0,4.6125,906.33
BEZELYE,2017,İzmir(Ödemiş),2215.0,3876.0,4.6125,906.33
BEZELYE,2018,İzmir(Bayındır),1000.0,625.0,5.68,1217.33
BEZELYE,2018,İzmir(Bergama),350.0,175.0,5.68,1217.33
BEZELYE,2018,İzmir(Tire),2000.0,1600.0,5.68,1217.33
BEZELYE,2018,İzmir(Torbalı),1400.0,1610.0,5.68,1217.33
BEZELYE,2018,İzmir(Ödemiş),2000.0,3500.0,5.68,1217.33
BEZELYE,2019,İzmir(Bayındır),800.0,500.0,6.3375,1486.33
BEZELYE,2019,İzmir(Bergama),350.0,175.0,6.3375,1486.33
BEZELYE,2019,İzmir(Tire),2000.0,1600.0,6.3375,1486.33
BEZELYE,2019,İzmir(Torbalı),1500.0,1800.0,6.3375,1486.33
BEZELYE,2019,İzmir(Ödemiş),2000.0,3500.0,6.3375,1486.33
BEZELYE,2020,İzmir(Bayındır),300.0,300.0,6.065,2226.67
BEZELYE,2020,İzmir(Bergama),350.0,175.0,6.065,2226.67
BEZELYE,2020,İzmir(Tire),1130.0,904.0,6.065,2226.67
BEZELYE,2020,İzmir(Torbalı),6150.0,7686.0,6.065,2226.67
BEZELYE,2020,İzmir(Ödemiş),750.0,1313.0,6.065,2226.67
BEZELYE,2021,İzmir(Bayındır),650.0,650.0,7.1825,6709.0
BEZELYE,2021,İzmir(Bergama),39.0,20.0,7.1825,6709.0
BEZELYE,2021,İzmir(Tire),1021.0,817.0,7.1825,6709.0
BEZELYE,2021,İzmir(Torbalı),5500.0,6875.0,7.1825,6709.0
BEZELYE,2021,İzmir(Ödemiş),900.0,1575.0,7.1825,6709.0
BEZELYE,2022,İzmir(Bayındır),210.0,315.0,21.645,15353.33
BEZELYE,2022,İzmir(Bergama),3.0,2.0,21.645,15353.33
BEZELYE,2022,İzmir(Tire),1369.0,1095.0,21.645,15353.33
BEZELYE,2022,İzmir(Torbalı),5750.0,7188.0,21.645,15353.33
BEZELYE,2022,İzmir(Ödemiş),800.0,1400.0,21.645,15353.33
BEZELYE,2023,İzmir(Bayındır),400.0,600.0,28.1275,10488.0
BEZELYE,2023,İzmir(Bergama),84.0,56.0,28.1275,10488.0
BEZELYE,2023,İzmir(Tire),1297.0,1038.0,28.1275,10488.0
BEZELYE,2023,İzmir(Torbalı),6575.0,7890.0,28.1275,10488.0
BEZELYE,2023,İzmir(Ödemiş),2000.0,3500.0,28.1275,10488.0
BEZELYE,2024,İzmir(Bayındır),300.0,450.0,42.6275,11266.67
BEZELYE,2024,İzmir(Bergama),150.0,100.0,42.6275,11266.67
BEZELYE,2024,İzmir(Tire),1250.0,1000.0,42.6275,11266.67
BEZELYE,2024,İzmir(Torbalı),6550.0,8188.0,42.6275,11266.67
BEZELYE,2024,İzmir(Ödemiş),1750.0,2625.0,42.6275,11266.67
BEZELYE,2025,İzmir(Bayındır),324.0,486.0,50.5925,14550.0
BEZELYE,2025,İzmir(Bergama),90.0,60.0,50.5925,14550.0
BEZELYE,2025,İzmir(Tire),1850.0,2775.0,50.5925,14550.0
BEZELYE,2025,İzmir(Torbalı),6750.0,10125.0,50.5925,14550.0
BEZELYE,2025,İzmir(Ödemiş),500.0,750.0,50.5925,14550.0
BIBER SIVRI,2013,İzmir(Bayındır),2300.0,7353.0,,852.0
BIBER SIVRI,2013,İzmir(Bergama),1500.0,1499.0,,852.0
BIBER SIVRI,2013,İzmir(Menderes),980.0,1826.0,,852.0
BIBER SIVRI,2013,İzmir(Tire),1400.0,2099.0,,852.0
BIBER SIVRI,2013,İzmir(Torbalı),1970.0,4931.0,,852.0
BIBER SIVRI,2013,İzmir(Ödemiş),2000.0,5994.0,,852.0
BIBER SIVRI,2014,İzmir(Bayındır),2300.0,7360.0,4.4350000000000005,886.0
BIBER SIVRI,2014,İzmir(Bergama),1500.0,1500.0,4.4350000000000005,886.0
BIBER SIVRI,2014,İzmir(Menderes),1020.0,1900.0,4.4350000000000005,886.0
BIBER SIVRI,2014,İzmir(Tire),1400.0,2100.0,4.4350000000000005,886.0
BIBER SIVRI,2014,İzmir(Torbalı),1967.0,4926.0,4.4350000000000005,886.0
BIBER SIVRI,2014,İzmir(Ödemiş),1500.0,4500.0,4.4350000000000005,886.0
BIBER SIVRI,2015,İzmir(Bayındır),1800.0,5760.0,3.855,903.33
BIBER SIVRI,2015,İzmir(Bergama),1500.0,1500.0,3.855,903.33
BIBER SIVRI,2015,İzmir(Menderes),2014.0,4474.0,3.855,903.33
BIBER SIVRI,2015,İzmir(Tire),1350.0,2025.0,3.855,903.33
BIBER SIVRI,2015,İzmir(Torbalı),1667.0,5495.0,3.855,903.33
BIBER SIVRI,2015,İzmir(Ödemiş),1500.0,4500.0,3.855,903.33
BIBER SIVRI,2016,İzmir(Bayındır),1800.0,5749.0,3.7575,822.67
BIBER SIVRI,2016,İzmir(Bergama),1500.0,1497.0,3.7575,822.67
BIBER SIVRI,2016,İzmir(Menderes),2064.0,4600.0,3.7575,822.67
BIBER SIVRI,2016,İzmir(Tire),1350.0,2021.0,3.7575,822.67
BIBER SIVRI,2016,İzmir(Torbalı),1570.0,5164.0,3.7575,822.67
BIBER SIVRI,2016,İzmir(Ödemiş),1500.0,4491.0,3.7575,822.67
BIBER SIVRI,2017,İzmir(Bayındır),800.0,2560.0,4.6125,906.33
BIBER SIVRI,2017,İzmir(Bergama),1500.0,1500.0,4.6125,906.33
BIBER SIVRI,2017,İzmir(Menderes),2320.0,5011.0,4.6125,906.33
BIBER SIVRI,2017,İzmir(Tire),1200.0,1800.0,4.6125,906.33
BIBER SIVRI,2017,İzmir(Torbalı),1560.0,5065.0,4.6125,906.33
BIBER SIVRI,2017,İzmir(Ödemiş),1500.0,4499.0,4.6125,906.33
BIBER SIVRI,2018,İzmir(Bayındır),800.0,2560.0,5.68,1217.33
BIBER SIVRI,2018,İzmir(Bergama),1500.0,1500.0,5.68,1217.33
BIBER SIVRI,2018,İzmir(Menderes),2320.0,5006.0,5.68,1217.33
BIBER SIVRI,2018,İzmir(Tire),1000.0,1500.0,5.68,1217.33
BIBER SIVRI,2018,İzmir(Torbalı),1703.0,5529.0,5.68,1217.33
BIBER SIVRI,2018,İzmir(Ödemiş),1750.0,5248.0,5.68,1217.33
BIBER SIVRI,2019,İzmir(Bayındır),800.0,2560.0,6.3375,1486.33
BIBER SIVRI,2019,İzmir(Bergama),1500.0,1500.0,6.3375,1486.33
BIBER SIVRI,2019,İzmir(Menderes),2170.0,4616.0,6.3375,1486.33
BIBER SIVRI,2019,İzmir(Tire),1000.0,1500.0,6.3375,1486.33
BIBER SIVRI,2019,İzmir(Torbalı),1795.0,6095.0,6.3375,1486.33
BIBER SIVRI,2019,İzmir(Ödemiş),2000.0,6000.0,6.3375,1486.33
BIBER SIVRI,2020,İzmir(Bayındır),2300.0,9200.0,6.065,2226.67
BIBER SIVRI,2020,İzmir(Bergama),1500.0,1500.0,6.065,2226.67
BIBER SIVRI,2020,İzmir(Menderes),2170.0,5764.0,6.065,2226.67
BIBER SIVRI,2020,İzmir(Tire),315.0,473.0,6.065,2226.67
BIBER SIVRI,2020,İzmir(Torbalı),1660.0,5558.0,6.065,2226.67
BIBER SIVRI,2020,İzmir(Ödemiş),1500.0,6000.0,6.065,2226.67
BIBER SIVRI,2021,İzmir(Bayındır),1900.0,7600.0,7.1825,6709.0
BIBER SIVRI,2021,İzmir(Bergama),108.0,108.0,7.1825,6709.0
BIBER SIVRI,2021,İzmir(Menderes),2170.0,5764.0,7.1825,6709.0
BIBER SIVRI,2021,İzmir(Tire),379.0,569.0,7.1825,6709.0
BIBER SIVRI,2021,İzmir(Torbalı),1758.0,5712.0,7.1825,6709.0
BIBER SIVRI,2021,İzmir(Ödemiş),500.0,2000.0,7.1825,6709.0
BIBER SIVRI,2022,İzmir(Bayındır),1515.0,6060.0,21.645,15353.33
BIBER SIVRI,2022,İzmir(Bergama),127.0,127.0,21.645,15353.33
BIBER SIVRI,2022,İzmir(Menderes),2170.0,5764.0,21.645,15353.33
BIBER SIVRI,2022,İzmir(Torbalı),1781.0,6234.0,21.645,15353.33
BIBER SIVRI,2022,İzmir(Ödemiş),500.0,2000.0,21.645,15353.33
BIBER SIVRI,2023,İzmir(Bayındır),1450.0,4640.0,28.1275,10488.0
BIBER SIVRI,2023,İzmir(Bergama),194.0,194.0,28.1275,10488.0
BIBER SIVRI,2023,İzmir(Menderes),1929.0,5342.0,28.1275,10488.0
BIBER SIVRI,2023,İzmir(Torbalı),1460.0,4380.0,28.1275,10488.0
BIBER SIVRI,2023,İzmir(Ödemiş),1500.0,6000.0,28.1275,10488.0
BIBER SIVRI,2024,İzmir(Bayındır),1400.0,4480.0,42.6275,11266.67
BIBER SIVRI,2024,İzmir(Bergama),719.0,719.0,42.6275,11266.67
BIBER SIVRI,2024,İzmir(Menderes),1361.0,3152.0,42.6275,11266.67
BIBER SIVRI,2024,İzmir(Torbalı),1845.0,5535.0,42.6275,11266.67
BIBER SIVRI,2024,İzmir(Ödemiş),1500.0,5250.0,42.6275,11266.67
BIBER SIVRI,2025,İzmir(Bayındır),1521.0,4867.0,50.5925,14550.0
BIBER SIVRI,2025,İzmir(Bergama),779.0,779.0,50.5925,14550.0
BIBER SIVRI,2025,İzmir(Menderes),810.0,1944.0,50.5925,14550.0
BIBER SIVRI,2025,İzmir(Torbalı),1900.0,5700.0,50.5925,14550.0
BIBER SIVRI,2025,İzmir(Ödemiş),1000.0,3500.0,50.5925,14550.0
BROKOLI,2013,İzmir(Bergama),250.0,625.0,,852.0
BROKOLI,2013,İzmir(Menderes),200.0,380.0,,852.0
BROKOLI,2013,İzmir(Tire),100.0,150.0,,852.0
BROKOLI,2013,İzmir(Torbalı),510.0,918.0,,852.0
BROKOLI,2013,İzmir(Ödemiş),250.0,500.0,,852.0
BROKOLI,2014,İzmir(Bergama),250.0,625.0,4.4350000000000005,886.0
BROKOLI,2014,İzmir(Menderes),200.0,380.0,4.4350000000000005,886.0
BROKOLI,2014,İzmir(Tire),100.0,150.0,4.4350000000000005,886.0
BROKOLI,2014,İzmir(Torbalı),510.0,918.0,4.4350000000000005,886.0
BROKOLI,2014,İzmir(Ödemiş),2000.0,5000.0,4.4350000000000005,886.0
BROKOLI,2015,İzmir(Bergama),250.0,625.0,3.855,903.33
BROKOLI,2015,İzmir(Menderes),200.0,380.0,3.855,903.33
BROKOLI,2015,İzmir(Tire),110.0,165.0,3.855,903.33
BROKOLI,2015,İzmir(Torbalı),3280.0,5904.0,3.855,903.33
BROKOLI,2015,İzmir(Ödemiş),2000.0,5000.0,3.855,903.33
BROKOLI,2016,İzmir(Bergama),250.0,625.0,3.7575,822.67
BROKOLI,2016,İzmir(Menderes),200.0,380.0,3.7575,822.67
BROKOLI,2016,İzmir(Tire),150.0,225.0,3.7575,822.67
BROKOLI,2016,İzmir(Torbalı),5350.0,10700.0,3.7575,822.67
BROKOLI,2016,İzmir(Ödemiş),2520.0,6300.0,3.7575,822.67
BROKOLI,2017,İzmir(Bergama),250.0,625.0,4.6125,906.33
BROKOLI,2017,İzmir(Menderes),180.0,342.0,4.6125,906.33
BROKOLI,2017,İzmir(Tire),150.0,225.0,4.6125,906.33
BROKOLI,2017,İzmir(Torbalı),8165.0,19188.0,4.6125,906.33
BROKOLI,2017,İzmir(Ödemiş),2520.0,6300.0,4.6125,906.33
BROKOLI,2018,İzmir(Bergama),100.0,250.0,5.68,1217.33
BROKOLI,2018,İzmir(Menderes),180.0,342.0,5.68,1217.33
BROKOLI,2018,İzmir(Tire),1000.0,1500.0,5.68,1217.33
BROKOLI,2018,İzmir(Torbalı),8950.0,17900.0,5.68,1217.33
BROKOLI,2018,İzmir(Ödemiş),2500.0,6250.0,5.68,1217.33
BROKOLI,2019,İzmir(Bayındır),2000.0,4000.0,6.3375,1486.33
BROKOLI,2019,İzmir(Bergama),100.0,250.0,6.3375,1486.33
BROKOLI,2019,İzmir(Menderes),180.0,342.0,6.3375,1486.33
BROKOLI,2019,İzmir(Tire),1000.0,1500.0,6.3375,1486.33
BROKOLI,2019,İzmir(Torbalı),8950.0,22375.0,6.3375,1486.33
BROKOLI,2019,İzmir(Ödemiş),2500.0,6250.0,6.3375,1486.33
BROKOLI,2020,İzmir(Bayındır),1390.0,2780.0,6.065,2226.67
BROKOLI,2020,İzmir(Bergama),100.0,250.0,6.065,2226.67
BROKOLI,2020,İzmir(Menderes),130.0,247.0,6.065,2226.67
BROKOLI,2020,İzmir(Tire),1000.0,1500.0,6.065,2226.67
BROKOLI,2020,İzmir(Torbalı),11190.0,27966.0,6.065,2226.67
BROKOLI,2020,İzmir(Ödemiş),2500.0,6250.0,6.065,2226.67
BROKOLI,2021,İzmir(Bayındır),1500.0,3000.0,7.1825,6709.0
BROKOLI,2021,İzmir(Bergama),782.0,1955.0,7.1825,6709.0
BROKOLI,2021,İzmir(Menderes),162.0,308.0,7.1825,6709.0
BROKOLI,2021,İzmir(Tire),2025.0,5063.0,7.1825,6709.0
BROKOLI,2021,İzmir(Torbalı),11750.0,27025.0,7.1825,6709.0
BROKOLI,2021,İzmir(Ödemiş),3250.0,8125.0,7.1825,6709.0
BROKOLI,2022,İzmir(Bayındır),1750.0,3500.0,21.645,15353.33
BROKOLI,2022,İzmir(Bergama),785.0,1963.0,21.645,15353.33
BROKOLI,2022,İzmir(Menderes),162.0,308.0,21.645,15353.33
BROKOLI,2022,İzmir(Tire),3086.0,7715.0,21.645,15353.33
BROKOLI,2022,İzmir(Torbalı),9760.0,24400.0,21.645,15353.33
BROKOLI,2022,İzmir(Ödemiş),3500.0,8750.0,21.645,15353.33
BROKOLI,2023,İzmir(Bayındır),1900.0,3800.0,28.1275,10488.0
BROKOLI,2023,İzmir(Bergama),667.0,1668.0,28.1275,10488.0
BROKOLI,2023,İzmir(Menderes),162.0,308.0,28.1275,10488.0
BROKOLI,2023,İzmir(Tire),2700.0,6750.0,28.1275,10488.0
BROKOLI,2023,İzmir(Torbalı),9475.0,20845.0,28.1275,10488.0
BROKOLI,2023,İzmir(Ödemiş),4350.0,10875.0,28.1275,10488.0
BROKOLI,2024,İzmir(Bayındır),1900.0,3800.0,42.6275,11266.67
BROKOLI,2024,İzmir(Bergama),819.0,2048.0,42.6275,11266.67
BROKOLI,2024,İzmir(Menderes),400.0,760.0,42.6275,11266.67
BROKOLI,2024,İzmir(Tire),5350.0,13375.0,42.6275,11266.67
BROKOLI,2024,İzmir(Torbalı),10950.0,27375.0,42.6275,11266.67
BROKOLI,2024,İzmir(Ödemiş),4500.0,11250.0,42.6275,11266.67
BROKOLI,2025,İzmir(Bayındır),1968.0,4920.0,50.5925,14550.0
BROKOLI,2025,İzmir(Bergama),2299.0,5750.0,50.5925,14550.0
BROKOLI,2025,İzmir(Menderes),900.0,1710.0,50.5925,14550.0
BROKOLI,2025,İzmir(Tire),6450.0,16125.0,50.5925,14550.0
BROKOLI,2025,İzmir(Torbalı),18250.0,45625.0,50.5925,14550.0
BROKOLI,2025,İzmir(Ödemiş),5000.0,12500.0,50.5925,14550.0
DOMATES SALKIM,2013,İzmir(Bayındır),2200.0,14947.0,,852.0
DOMATES SALKIM,2013,İzmir(Bergama),13648.0,88276.0,,852.0
DOMATES SALKIM,2013,İzmir(Menderes),1383.0,4970.0,,852.0
DOMATES SALKIM,2013,İzmir(Tire),550.0,2198.0,,852.0
DOMATES SALKIM,2013,İzmir(Torbalı),6490.0,42286.0,,852.0
DOMATES SALKIM,2013,İzmir(Ödemiş),3058.0,15568.0,,852.0
DOMATES SALKIM,2014,İzmir(Bayındır),2200.0,15224.0,4.4350000000000005,886.0
DOMATES SALKIM,2014,İzmir(Bergama),11779.0,84121.0,4.4350000000000005,886.0
DOMATES SALKIM,2014,İzmir(Menderes),1383.0,5045.0,4.4350000000000005,886.0
DOMATES SALKIM,2014,İzmir(Tire),550.0,2239.0,4.4350000000000005,886.0
DOMATES SALKIM,2014,İzmir(Torbalı),6485.0,42987.0,4.4350000000000005,886.0
DOMATES SALKIM,2014,İzmir(Ödemiş),3052.0,23413.0,4.4350000000000005,886.0
DOMATES SALKIM,2015,İzmir(Bayındır),2000.0,13726.0,3.855,903.33
DOMATES SALKIM,2015,İzmir(Bergama),11864.0,85315.0,3.855,903.33
DOMATES SALKIM,2015,İzmir(Menderes),1393.0,5028.0,3.855,903.33
DOMATES SALKIM,2015,İzmir(Tire),550.0,2727.0,3.855,903.33
DOMATES SALKIM,2015,İzmir(Torbalı),4862.0,31456.0,3.855,903.33
DOMATES SALKIM,2015,İzmir(Ödemiş),3052.0,22833.0,3.855,903.33
DOMATES SALKIM,2016,İzmir(Bayındır),2000.0,14202.0,3.7575,822.67
DOMATES SALKIM,2016,İzmir(Bergama),10664.0,103170.0,3.7575,822.67
DOMATES SALKIM,2016,İzmir(Menderes),1503.0,6750.0,3.7575,822.67
DOMATES SALKIM,2016,İzmir(Tire),600.0,3135.0,3.7575,822.67
DOMATES SALKIM,2016,İzmir(Torbalı),4530.0,30563.0,3.7575,822.67
DOMATES SALKIM,2016,İzmir(Ödemiş),5052.0,39316.0,3.7575,822.67
DOMATES SALKIM,2017,İzmir(Bayındır),2000.0,13882.0,4.6125,906.33
DOMATES SALKIM,2017,İzmir(Bergama),10935.0,103441.0,4.6125,906.33
DOMATES SALKIM,2017,İzmir(Menderes),1200.0,5668.0,4.6125,906.33
DOMATES SALKIM,2017,İzmir(Tire),600.0,3034.0,4.6125,906.33
DOMATES SALKIM,2017,İzmir(Torbalı),3400.0,22625.0,4.6125,906.33
DOMATES SALKIM,2017,İzmir(Ödemiş),6052.0,46028.0,4.6125,906.33
DOMATES SALKIM,2018,İzmir(Bayındır),1000.0,6954.0,5.68,1217.33
DOMATES SALKIM,2018,İzmir(Bergama),8934.0,89351.0,5.68,1217.33
DOMATES SALKIM,2018,İzmir(Menderes),1000.0,3669.0,5.68,1217.33
DOMATES SALKIM,2018,İzmir(Tire),1000.0,5066.0,5.68,1217.33
DOMATES SALKIM,2018,İzmir(Torbalı),1875.0,12434.0,5.68,1217.33
DOMATES SALKIM,2018,İzmir(Ödemiş),6558.0,49971.0,5.68,1217.33
DOMATES SALKIM,2019,İzmir(Bayındır),1000.0,6954.0,6.3375,1486.33
DOMATES SALKIM,2019,İzmir(Bergama),8787.0,87380.0,6.3375,1486.33
DOMATES SALKIM,2019,İzmir(Menderes),1550.0,5910.0,6.3375,1486.33
DOMATES SALKIM,2019,İzmir(Tire),1000.0,5050.0,6.3375,1486.33
DOMATES SALKIM,2019,İzmir(Torbalı),810.0,6075.0,6.3375,1486.33
DOMATES SALKIM,2019,İzmir(Ödemiş),6552.0,49266.0,6.3375,1486.33
DOMATES SALKIM,2020,İzmir(Bayındır),700.0,3500.0,6.065,2226.67
DOMATES SALKIM,2020,İzmir(Bergama),8854.0,85810.0,6.065,2226.67
DOMATES SALKIM,2020,İzmir(Menderes),4611.0,15010.0,6.065,2226.67
DOMATES SALKIM,2020,İzmir(Tire),400.0,2020.0,6.065,2226.67
DOMATES SALKIM,2020,İzmir(Torbalı),1165.0,7678.0,6.065,2226.67
DOMATES SALKIM,2020,İzmir(Ödemiş),6000.0,45000.0,6.065,2226.67
DOMATES SALKIM,2021,İzmir(Bayındır),500.0,2500.0,7.1825,6709.0
DOMATES SALKIM,2021,İzmir(Bergama),1854.0,34068.0,7.1825,6709.0
DOMATES SALKIM,2021,İzmir(Menderes),3833.0,12559.0,7.1825,6709.0
DOMATES SALKIM,2021,İzmir(Tire),796.0,4020.0,7.1825,6709.0
DOMATES SALKIM,2021,İzmir(Torbalı),1680.0,8963.0,7.1825,6709.0
DOMATES SALKIM,2021,İzmir(Ödemiş),2000.0,14000.0,7.1825,6709.0
DOMATES SALKIM,2022,İzmir(Bayındır),300.0,1507.0,21.645,15353.33
DOMATES SALKIM,2022,İzmir(Bergama),1839.0,34754.0,21.645,15353.33
DOMATES SALKIM,2022,İzmir(Menderes),2077.0,7057.0,21.645,15353.33
DOMATES SALKIM,2022,İzmir(Tire),1165.0,5970.0,21.645,15353.33
DOMATES SALKIM,2022,İzmir(Torbalı),1005.0,6138.0,21.645,15353.33
DOMATES SALKIM,2022,İzmir(Ödemiş),3000.0,22606.0,21.645,15353.33
DOMATES SALKIM,2023,İzmir(Bayındır),300.0,1507.0,28.1275,10488.0
DOMATES SALKIM,2023,İzmir(Bergama),1894.0,23954.0,28.1275,10488.0
DOMATES SALKIM,2023,İzmir(Menderes),1080.0,3790.0,28.1275,10488.0
DOMATES SALKIM,2023,İzmir(Tire),950.0,4845.0,28.1275,10488.0
DOMATES SALKIM,2023,İzmir(Torbalı),1305.0,6625.0,28.1275,10488.0
DOMATES SALKIM,2023,İzmir(Ödemiş),3500.0,35000.0,28.1275,10488.0
DOMATES SALKIM,2024,İzmir(Bayındır),1000.0,5000.0,42.6275,11266.67
DOMATES SALKIM,2024,İzmir(Bergama),11969.0,90970.0,42.6275,11266.67
DOMATES SALKIM,2024,İzmir(Menderes),1070.0,4680.0,42.6275,11266.67
DOMATES SALKIM,2024,İzmir(Tire),850.0,4335.0,42.6275,11266.67
DOMATES SALKIM,2024,İzmir(Torbalı),3276.0,18109.0,42.6275,11266.67
DOMATES SALKIM,2024,İzmir(Ödemiş),2000.0,16000.0,42.6275,11266.67
DOMATES SALKIM,2025,İzmir(Bayındır),785.0,5107.0,50.5925,14550.0
DOMATES SALKIM,2025,İzmir(Bergama),11268.0,90043.0,50.5925,14550.0
DOMATES SALKIM,2025,İzmir(Menderes),610.0,2457.0,50.5925,14550.0
DOMATES SALKIM,2025,İzmir(Tire),1650.0,10732.0,50.5925,14550.0
DOMATES SALKIM,2025,İzmir(Torbalı),6580.0,39597.0,50.5925,14550.0
DOMATES SALKIM,2025,İzmir(Ödemiş),2000.0,15010.0,50.5925,14550.0
SALATALIK SILOR,2013,İzmir(Bayındır),5000.0,21500.0,,852.0
SALATALIK SILOR,2013,İzmir(Bergama),1404.0,2404.0,,852.0
SALATALIK SILOR,2013,İzmir(Menderes),6137.0,147288.0,,852.0
SALATALIK SILOR,2013,İzmir(Tire),650.0,1300.0,,852.0
SALATALIK SILOR,2013,İzmir(Torbalı),395.0,2250.0,,852.0
SALATALIK SILOR,2013,İzmir(Ödemiş),5080.0,6280.0,,852.0
SALATALIK SILOR,2014,İzmir(Bayındır),5000.0,21500.0,4.4350000000000005,886.0
SALATALIK SILOR,2014,İzmir(Bergama),1404.0,2404.0,4.4350000000000005,886.0
SALATALIK SILOR,2014,İzmir(Menderes),6337.0,152088.0,4.4350000000000005,886.0
SALATALIK SILOR,2014,İzmir(Tire),600.0,1200.0,4.4350000000000005,886.0
SALATALIK SILOR,2014,İzmir(Torbalı),395.0,2250.0,4.4350000000000005,886.0
SALATALIK SILOR,2014,İzmir(Ödemiş),5070.0,6400.0,4.4350000000000005,886.0
SALATALIK SILOR,2015,İzmir(Bayındır),5000.0,21500.0,3.855,903.33
SALATALIK SILOR,2015,İzmir(Bergama),1404.0,2404.0,3.855,903.33
SALATALIK SILOR,2015,İzmir(Menderes),4691.0,112584.0,3.855,903.33
SALATALIK SILOR,2015,İzmir(Tire),600.0,1200.0,3.855,903.33
SALATALIK SILOR,2015,İzmir(Torbalı),513.0,2708.0,3.855,903.33
SALATALIK SILOR,2015,İzmir(Ödemiş),5070.0,6400.0,3.855,903.33
SALATALIK SILOR,2016,İzmir(Bayındır),3000.0,12900.0,3.7575,822.67
SALATALIK SILOR,2016,İzmir(Bergama),1404.0,2404.0,3.7575,822.67
SALATALIK SILOR,2016,İzmir(Menderes),4871.0,116904.0,3.7575,822.67
SALATALIK SILOR,2016,İzmir(Tire),600.0,1200.0,3.7575,822.67
SALATALIK SILOR,2016,İzmir(Torbalı),385.0,2170.0,3.7575,822.67
SALATALIK SILOR,2016,İzmir(Ödemiş),3070.0,5210.0,3.7575,822.67
SALATALIK SILOR,2017,İzmir(Bayındır),2000.0,8600.0,4.6125,906.33
SALATALIK SILOR,2017,İzmir(Bergama),1226.0,2196.0,4.6125,906.33
SALATALIK SILOR,2017,İzmir(Menderes),5039.0,120936.0,4.6125,906.33
SALATALIK SILOR,2017,İzmir(Tire),600.0,1200.0,4.6125,906.33
SALATALIK SILOR,2017,İzmir(Torbalı),505.0,2710.0,4.6125,906.33
SALATALIK SILOR,2017,İzmir(Ödemiş),3070.0,5900.0,4.6125,906.33
SALATALIK SILOR,2018,İzmir(Bayındır),1500.0,6450.0,5.68,1217.33
SALATALIK SILOR,2018,İzmir(Bergama),1026.0,1856.0,5.68,1217.33
SALATALIK SILOR,2018,İzmir(Menderes),5079.0,101580.0,5.68,1217.33
SALATALIK SILOR,2018,İzmir(Tire),300.0,600.0,5.68,1217.33
SALATALIK SILOR,2018,İzmir(Torbalı),378.0,2138.0,5.68,1217.33
SALATALIK SILOR,2018,İzmir(Ödemiş),2080.0,4600.0,5.68,1217.33
SALATALIK SILOR,2019,İzmir(Bayındır),1000.0,4300.0,6.3375,1486.33
SALATALIK SILOR,2019,İzmir(Bergama),1018.0,1844.0,6.3375,1486.33
SALATALIK SILOR,2019,İzmir(Menderes),4930.0,98600.0,6.3375,1486.33
SALATALIK SILOR,2019,İzmir(Tire),300.0,600.0,6.3375,1486.33
SALATALIK SILOR,2019,İzmir(Torbalı),285.0,1623.0,6.3375,1486.33
SALATALIK SILOR,2019,İzmir(Ödemiş),2070.0,4400.0,6.3375,1486.33
SALATALIK SILOR,2020,İzmir(Bayındır),145.0,508.0,6.065,2226.67
SALATALIK SILOR,2020,İzmir(Bergama),1011.0,1788.0,6.065,2226.67
SALATALIK SILOR,2020,İzmir(Menderes),4930.0,98600.0,6.065,2226.67
SALATALIK SILOR,2020,İzmir(Tire),120.0,240.0,6.065,2226.67
SALATALIK SILOR,2020,İzmir(Torbalı),250.0,1331.0,6.065,2226.67
SALATALIK SILOR,2020,İzmir(Ödemiş),1000.0,4500.0,6.065,2226.67
SALATALIK SILOR,2021,İzmir(Bayındır),100.0,350.0,7.1825,6709.0
SALATALIK SILOR,2021,İzmir(Bergama),99.0,1432.0,7.1825,6709.0
SALATALIK SILOR,2021,İzmir(Menderes),4930.0,98600.0,7.1825,6709.0
SALATALIK SILOR,2021,İzmir(Tire),118.0,236.0,7.1825,6709.0
SALATALIK SILOR,2021,İzmir(Torbalı),275.0,1225.0,7.1825,6709.0
SALATALIK SILOR,2021,İzmir(Ödemiş),100.0,450.0,7.1825,6709.0
SALATALIK SILOR,2022,İzmir(Bayındır),100.0,350.0,21.645,15353.33
SALATALIK SILOR,2022,İzmir(Bergama),75.0,1583.0,21.645,15353.33
SALATALIK SILOR,2022,İzmir(Menderes),4930.0,98600.0,21.645,15353.33
SALATALIK SILOR,2022,İzmir(Tire),207.0,414.0,21.645,15353.33
SALATALIK SILOR,2022,İzmir(Torbalı),205.0,948.0,21.645,15353.33
SALATALIK SILOR,2022,İzmir(Ödemiş),100.0,450.0,21.645,15353.33
SALATALIK SILOR,2023,İzmir(Bayındır),100.0,350.0,28.1275,10488.0
SALATALIK SILOR,2023,İzmir(Bergama),34.0,244.0,28.1275,10488.0
SALATALIK SILOR,2023,İzmir(Menderes),4950.0,99000.0,28.1275,10488.0
SALATALIK SILOR,2023,İzmir(Tire),186.0,372.0,28.1275,10488.0
SALATALIK SILOR,2023,İzmir(Torbalı),168.0,900.0,28.1275,10488.0
SALATALIK SILOR,2023,İzmir(Ödemiş),2000.0,9000.0,28.1275,10488.0
SALATALIK SILOR,2024,İzmir(Bayındır),100.0,350.0,42.6275,11266.67
SALATALIK SILOR,2024,İzmir(Bergama),231.0,579.0,42.6275,11266.67
SALATALIK SILOR,2024,İzmir(Menderes),5400.0,108000.0,42.6275,11266.67
SALATALIK SILOR,2024,İzmir(Tire),160.0,320.0,42.6275,11266.67
SALATALIK SILOR,2024,İzmir(Torbalı),193.0,1035.0,42.6275,11266.67
SALATALIK SILOR,2024,İzmir(Ödemiş),1500.0,6750.0,42.6275,11266.67
SALATALIK SILOR,2025,İzmir(Bayındır),124.0,436.0,50.5925,14550.0
SALATALIK SILOR,2025,İzmir(Bergama),204.0,349.0,50.5925,14550.0
SALATALIK SILOR,2025,İzmir(Menderes),4400.0,88439.0,50.5925,14550.0
SALATALIK SILOR,2025,İzmir(Tire),2100.0,9480.0,50.5925,14550.0
SALATALIK SILOR,2025,İzmir(Torbalı),180.0,894.0,50.5925,14550.0
SALATALIK SILOR,2025,İzmir(Ödemiş),1000.0,4510.0,50.5925,14550.0
ISPANAK,2013,İzmir(Bayındır),150.0,90.0,,852.0
ISPANAK,2013,İzmir(Bergama),500.0,350.0,,852.0
ISPANAK,2013,İzmir(Menderes),140.0,126.0,,852.0
ISPANAK,2013,İzmir(Tire),550.0,550.0,,852.0
ISPANAK,2013,İzmir(Torbalı),1110.0,1332.0,,852.0
ISPANAK,2013,İzmir(Ödemiş),1000.0,1000.0,,852.0
ISPANAK,2014,İzmir(Bayındır),150.0,90.0,4.4350000000000005,886.0
ISPANAK,2014,İzmir(Bergama),500.0,350.0,4.4350000000000005,886.0
ISPANAK,2014,İzmir(Menderes),140.0,126.0,4.4350000000000005,886.0
ISPANAK,2014,İzmir(Tire),500.0,500.0,4.4350000000000005,886.0
ISPANAK,2014,İzmir(Torbalı),1110.0,1332.0,4.4350000000000005,886.0
ISPANAK,2014,İzmir(Ödemiş),200.0,200.0,4.4350000000000005,886.0
ISPANAK,2015,İzmir(Bayındır),100.0,60.0,3.855,903.33
ISPANAK,2015,İzmir(Bergama),500.0,350.0,3.855,903.33
ISPANAK,2015,İzmir(Menderes),140.0,126.0,3.855,903.33
ISPANAK,2015,İzmir(Tire),525.0,525.0,3.855,903.33
ISPANAK,2015,İzmir(Torbalı),955.0,1146.0,3.855,903.33
ISPANAK,2015,İzmir(Ödemiş),200.0,200.0,3.855,903.33
ISPANAK,2016,İzmir(Bayındır),100.0,60.0,3.7575,822.67
ISPANAK,2016,İzmir(Bergama),500.0,350.0,3.7575,822.67
ISPANAK,2016,İzmir(Menderes),130.0,117.0,3.7575,822.67
ISPANAK,2016,İzmir(Tire),550.0,578.0,3.7575,822.67
ISPANAK,2016,İzmir(Torbalı),900.0,1125.0,3.7575,822.67
ISPANAK,2016,İzmir(Ödemiş),250.0,250.0,3.7575,822.67
ISPANAK,2017,İzmir(Bayındır),100.0,60.0,4.6125,906.33
ISPANAK,2017,İzmir(Bergama),500.0,350.0,4.6125,906.33
ISPANAK,2017,İzmir(Menderes),120.0,107.0,4.6125,906.33
ISPANAK,2017,İzmir(Tire),500.0,500.0,4.6125,906.33
ISPANAK,2017,İzmir(Torbalı),6135.0,7669.0,4.6125,906.33
ISPANAK,2017,İzmir(Ödemiş),250.0,250.0,4.6125,906.33
ISPANAK,2018,İzmir(Bayındır),100.0,60.0,5.68,1217.33
ISPANAK,2018,İzmir(Bergama),500.0,350.0,5.68,1217.33
ISPANAK,2018,İzmir(Menderes),120.0,107.0,5.68,1217.33
ISPANAK,2018,İzmir(Tire),500.0,500.0,5.68,1217.33
ISPANAK,2018,İzmir(Torbalı),6200.0,7750.0,5.68,1217.33
ISPANAK,2018,İzmir(Ödemiş),200.0,200.0,5.68,1217.33
ISPANAK,2019,İzmir(Bayındır),150.0,90.0,6.3375,1486.33
ISPANAK,2019,İzmir(Bergama),500.0,350.0,6.3375,1486.33
ISPANAK,2019,İzmir(Menderes),120.0,107.0,6.3375,1486.33
ISPANAK,2019,İzmir(Tire),500.0,500.0,6.3375,1486.33
ISPANAK,2019,İzmir(Torbalı),725.0,928.0,6.3375,1486.33
ISPANAK,2019,İzmir(Ödemiş),200.0,200.0,6.3375,1486.33
ISPANAK,2020,İzmir(Bayındır),200.0,350.0,6.065,2226.67
ISPANAK,2020,İzmir(Bergama),500.0,350.0,6.065,2226.67
ISPANAK,2020,İzmir(Menderes),120.0,107.0,6.065,2226.67
ISPANAK,2020,İzmir(Tire),365.0,365.0,6.065,2226.67
ISPANAK,2020,İzmir(Torbalı),575.0,776.0,6.065,2226.67
ISPANAK,2020,İzmir(Ödemiş),100.0,100.0,6.065,2226.67
ISPANAK,2021,İzmir(Bayındır),200.0,350.0,7.1825,6709.0
ISPANAK,2021,İzmir(Bergama),508.0,356.0,7.1825,6709.0
ISPANAK,2021,İzmir(Menderes),155.0,138.0,7.1825,6709.0
ISPANAK,2021,İzmir(Tire),126.0,126.0,7.1825,6709.0
ISPANAK,2021,İzmir(Torbalı),700.0,910.0,7.1825,6709.0
ISPANAK,2021,İzmir(Ödemiş),25.0,25.0,7.1825,6709.0
ISPANAK,2022,İzmir(Bayındır),300.0,300.0,21.645,15353.33
ISPANAK,2022,İzmir(Bergama),205.0,144.0,21.645,15353.33
ISPANAK,2022,İzmir(Menderes),155.0,138.0,21.645,15353.33
ISPANAK,2022,İzmir(Tire),173.0,173.0,21.645,15353.33
ISPANAK,2022,İzmir(Torbalı),950.0,1235.0,21.645,15353.33
ISPANAK,2022,İzmir(Ödemiş),25.0,25.0,21.645,15353.33
ISPANAK,2023,İzmir(Bayındır),180.0,180.0,28.1275,10488.0
ISPANAK,2023,İzmir(Bergama),75.0,53.0,28.1275,10488.0
ISPANAK,2023,İzmir(Menderes),100.0,89.0,28.1275,10488.0
ISPANAK,2023,İzmir(Tire),270.0,270.0,28.1275,10488.0
ISPANAK,2023,İzmir(Torbalı),985.0,1182.0,28.1275,10488.0
ISPANAK,2023,İzmir(Ödemiş),300.0,300.0,28.1275,10488.0
ISPANAK,2024,İzmir(Bayındır),180.0,180.0,42.6275,11266.67
ISPANAK,2024,İzmir(Bergama),368.0,258.0,42.6275,11266.67
ISPANAK,2024,İzmir(Menderes),100.0,89.0,42.6275,11266.67
ISPANAK,2024,İzmir(Tire),280.0,280.0,42.6275,11266.67
ISPANAK,2024,İzmir(Torbalı),980.0,1225.0,42.6275,11266.67
ISPANAK,2025,İzmir(Bayındır),124.0,124.0,50.5925,14550.0
ISPANAK,2025,İzmir(Bergama),717.0,503.0,50.5925,14550.0
ISPANAK,2025,İzmir(Menderes),250.0,223.0,50.5925,14550.0
ISPANAK,2025,İzmir(Tire),150.0,150.0,50.5925,14550.0
ISPANAK,2025,İzmir(Torbalı),750.0,938.0,50.5925,14550.0
KABAK TAZE,2013,İzmir(Bayındır),1000.0,3500.0,,852.0
KABAK TAZE,2013,İzmir(Bergama),400.0,680.0,,852.0
KABAK TAZE,2013,İzmir(Menderes),310.0,620.0,,852.0
KABAK TAZE,2013,İzmir(Tire),500.0,1250.0,,852.0
KABAK TAZE,2013,İzmir(Torbalı),450.0,1575.0,,852.0
KABAK TAZE,2013,İzmir(Ödemiş),205.0,630.0,,852.0
KABAK TAZE,2014,İzmir(Bayındır),1000.0,3500.0,4.4350000000000005,886.0
KABAK TAZE,2014,İzmir(Bergama),400.0,680.0,4.4350000000000005,886.0
KABAK TAZE,2014,İzmir(Menderes),350.0,700.0,4.4350000000000005,886.0
KABAK TAZE,2014,İzmir(Tire),450.0,1125.0,4.4350000000000005,886.0
KABAK TAZE,2014,İzmir(Torbalı),450.0,1575.0,4.4350000000000005,886.0
KABAK TAZE,2014,İzmir(Ödemiş),210.0,660.0,4.4350000000000005,886.0
KABAK TAZE,2015,İzmir(Bayındır),800.0,2800.0,3.855,903.33
KABAK TAZE,2015,İzmir(Bergama),400.0,680.0,3.855,903.33
KABAK TAZE,2015,İzmir(Menderes),355.0,710.0,3.855,903.33
KABAK TAZE,2015,İzmir(Tire),450.0,1125.0,3.855,903.33
KABAK TAZE,2015,İzmir(Torbalı),330.0,1155.0,3.855,903.33
KABAK TAZE,2015,İzmir(Ödemiş),210.0,660.0,3.855,903.33
KABAK TAZE,2016,İzmir(Bayındır),800.0,2800.0,3.7575,822.67
KABAK TAZE,2016,İzmir(Bergama),400.0,680.0,3.7575,822.67
KABAK TAZE,2016,İzmir(Menderes),355.0,710.0,3.7575,822.67
KABAK TAZE,2016,İzmir(Tire),400.0,980.0,3.7575,822.67
KABAK TAZE,2016,İzmir(Torbalı),300.0,1050.0,3.7575,822.67
KABAK TAZE,2016,İzmir(Ödemiş),220.0,711.0,3.7575,822.67
KABAK TAZE,2017,İzmir(Bayındır),800.0,2800.0,4.6125,906.33
KABAK TAZE,2017,İzmir(Bergama),400.0,680.0,4.6125,906.33
KABAK TAZE,2017,İzmir(Menderes),390.0,780.0,4.6125,906.33
KABAK TAZE,2017,İzmir(Tire),400.0,1000.0,4.6125,906.33
KABAK TAZE,2017,İzmir(Torbalı),405.0,1418.0,4.6125,906.33
KABAK TAZE,2017,İzmir(Ödemiş),220.0,722.0,4.6125,906.33
KABAK TAZE,2018,İzmir(Bayındır),800.0,2800.0,5.68,1217.33
KABAK TAZE,2018,İzmir(Bergama),400.0,680.0,5.68,1217.33
KABAK TAZE,2018,İzmir(Menderes),390.0,780.0,5.68,1217.33
KABAK TAZE,2018,İzmir(Tire),300.0,750.0,5.68,1217.33
KABAK TAZE,2018,İzmir(Torbalı),265.0,927.0,5.68,1217.33
KABAK TAZE,2018,İzmir(Ödemiş),155.0,502.0,5.68,1217.33
KABAK TAZE,2019,İzmir(Bayındır),600.0,2100.0,6.3375,1486.33
KABAK TAZE,2019,İzmir(Bergama),400.0,680.0,6.3375,1486.33
KABAK TAZE,2019,İzmir(Menderes),390.0,780.0,6.3375,1486.33
KABAK TAZE,2019,İzmir(Tire),300.0,750.0,6.3375,1486.33
KABAK TAZE,2019,İzmir(Torbalı),250.0,875.0,6.3375,1486.33
KABAK TAZE,2019,İzmir(Ödemiş),110.0,375.0,6.3375,1486.33
KABAK TAZE,2020,İzmir(Bayındır),200.0,311.0,6.065,2226.67
KABAK TAZE,2020,İzmir(Bergama),400.0,705.0,6.065,2226.67
KABAK TAZE,2020,İzmir(Menderes),390.0,809.0,6.065,2226.67
KABAK TAZE,2020,İzmir(Tire),68.0,176.0,6.065,2226.67
KABAK TAZE,2020,İzmir(Torbalı),180.0,607.0,6.065,2226.67
KABAK TAZE,2020,İzmir(Ödemiş),80.0,415.0,6.065,2226.67
KABAK TAZE,2021,İzmir(Bayındır),200.0,300.0,7.1825,6709.0
KABAK TAZE,2021,İzmir(Bergama),17.0,30.0,7.1825,6709.0
KABAK TAZE,2021,İzmir(Menderes),380.0,760.0,7.1825,6709.0
KABAK TAZE,2021,İzmir(Tire),42.0,109.0,7.1825,6709.0
KABAK TAZE,2021,İzmir(Torbalı),185.0,555.0,7.1825,6709.0
KABAK TAZE,2021,İzmir(Ödemiş),25.0,125.0,7.1825,6709.0
KABAK TAZE,2022,İzmir(Bayındır),200.0,500.0,21.645,15353.33
KABAK TAZE,2022,İzmir(Bergama),13.0,23.0,21.645,15353.33
KABAK TAZE,2022,İzmir(Menderes),380.0,760.0,21.645,15353.33
KABAK TAZE,2022,İzmir(Torbalı),135.0,439.0,21.645,15353.33
KABAK TAZE,2022,İzmir(Ödemiş),25.0,125.0,21.645,15353.33
KABAK TAZE,2023,İzmir(Bayındır),150.0,375.0,28.1275,10488.0
KABAK TAZE,2023,İzmir(Bergama),11.0,20.0,28.1275,10488.0
KABAK TAZE,2023,İzmir(Menderes),380.0,760.0,28.1275,10488.0
KABAK TAZE,2023,İzmir(Torbalı),110.0,330.0,28.1275,10488.0
KABAK TAZE,2024,İzmir(Bayındır),150.0,375.0,42.6275,11266.67
KABAK TAZE,2024,İzmir(Bergama),162.0,287.0,42.6275,11266.67
KABAK TAZE,2024,İzmir(Menderes),380.0,760.0,42.6275,11266.67
KABAK TAZE,2024,İzmir(Torbalı),157.0,473.0,42.6275,11266.67
KABAK TAZE,2024,İzmir(Ödemiş),50.0,175.0,42.6275,11266.67
KABAK TAZE,2025,İzmir(Bayındır),132.0,330.0,50.5925,14550.0
KABAK TAZE,2025,İzmir(Bergama),172.0,304.0,50.5925,14550.0
KABAK TAZE,2025,İzmir(Menderes),330.0,660.0,50.5925,14550.0
KABAK TAZE,2025,İzmir(Torbalı),124.0,376.0,50.5925,14550.0
KABAK TAZE,2025,İzmir(Ödemiş),50.0,175.0,50.5925,14550.0
KARNABAHAR,2013,İzmir(Bayındır),2800.0,10360.0,,852.0
KARNABAHAR,2013,İzmir(Bergama),700.0,1120.0,,852.0
KARNABAHAR,2013,İzmir(Menderes),70.0,140.0,,852.0
KARNABAHAR,2013,İzmir(Tire),1000.0,1500.0,,852.0
KARNABAHAR,2013,İzmir(Torbalı),740.0,2220.0,,852.0
KARNABAHAR,2013,İzmir(Ödemiş),1000.0,3000.0,,852.0
KARNABAHAR,2014,İzmir(Bayındır),2800.0,10360.0,4.4350000000000005,886.0
KARNABAHAR,2014,İzmir(Bergama),700.0,1120.0,4.4350000000000005,886.0
KARNABAHAR,2014,İzmir(Menderes),70.0,140.0,4.4350000000000005,886.0
KARNABAHAR,2014,İzmir(Tire),1000.0,1500.0,4.4350000000000005,886.0
KARNABAHAR,2014,İzmir(Torbalı),740.0,2220.0,4.4350000000000005,886.0
KARNABAHAR,2014,İzmir(Ödemiş),1000.0,3500.0,4.4350000000000005,886.0
KARNABAHAR,2015,İzmir(Bayındır),5000.0,18500.0,3.855,903.33
KARNABAHAR,2015,İzmir(Bergama),700.0,1120.0,3.855,903.33
KARNABAHAR,2015,İzmir(Menderes),75.0,150.0,3.855,903.33
KARNABAHAR,2015,İzmir(Tire),1010.0,1515.0,3.855,903.33
KARNABAHAR,2015,İzmir(Torbalı),915.0,2745.0,3.855,903.33
KARNABAHAR,2015,İzmir(Ödemiş),1000.0,3500.0,3.855,903.33
KARNABAHAR,2016,İzmir(Bayındır),5000.0,18500.0,3.7575,822.67
KARNABAHAR,2016,İzmir(Bergama),700.0,1120.0,3.7575,822.67
KARNABAHAR,2016,İzmir(Menderes),70.0,140.0,3.7575,822.67
KARNABAHAR,2016,İzmir(Tire),1050.0,1575.0,3.7575,822.67
KARNABAHAR,2016,İzmir(Torbalı),2500.0,8750.0,3.7575,822.67
KARNABAHAR,2016,İzmir(Ödemiş),1000.0,3500.0,3.7575,822.67
KARNABAHAR,2017,İzmir(Bayındır),5000.0,18500.0,4.6125,906.33
KARNABAHAR,2017,İzmir(Bergama),700.0,1120.0,4.6125,906.33
KARNABAHAR,2017,İzmir(Menderes),70.0,140.0,4.6125,906.33
KARNABAHAR,2017,İzmir(Tire),1200.0,1800.0,4.6125,906.33
KARNABAHAR,2017,İzmir(Torbalı),2850.0,9975.0,4.6125,906.33
KARNABAHAR,2017,İzmir(Ödemiş),1000.0,3500.0,4.6125,906.33
KARNABAHAR,2018,İzmir(Bayındır),7000.0,25900.0,5.68,1217.33
KARNABAHAR,2018,İzmir(Bergama),700.0,1120.0,5.68,1217.33
KARNABAHAR,2018,İzmir(Menderes),70.0,140.0,5.68,1217.33
KARNABAHAR,2018,İzmir(Tire),4000.0,6000.0,5.68,1217.33
KARNABAHAR,2018,İzmir(Torbalı),2850.0,9975.0,5.68,1217.33
KARNABAHAR,2018,İzmir(Ödemiş),800.0,2800.0,5.68,1217.33
KARNABAHAR,2019,İzmir(Bayındır),9000.0,33300.0,6.3375,1486.33
KARNABAHAR,2019,İzmir(Bergama),700.0,1120.0,6.3375,1486.33
KARNABAHAR,2019,İzmir(Menderes),70.0,140.0,6.3375,1486.33
KARNABAHAR,2019,İzmir(Tire),4000.0,6000.0,6.3375,1486.33
KARNABAHAR,2019,İzmir(Torbalı),2850.0,9975.0,6.3375,1486.33
KARNABAHAR,2019,İzmir(Ödemiş),500.0,1750.0,6.3375,1486.33
KARNABAHAR,2020,İzmir(Bayındır),10000.0,17500.0,6.065,2226.67
KARNABAHAR,2020,İzmir(Bergama),300.0,480.0,6.065,2226.67
KARNABAHAR,2020,İzmir(Menderes),70.0,140.0,6.065,2226.67
KARNABAHAR,2020,İzmir(Tire),2500.0,3750.0,6.065,2226.67
KARNABAHAR,2020,İzmir(Torbalı),3350.0,11390.0,6.065,2226.67
KARNABAHAR,2020,İzmir(Ödemiş),150.0,525.0,6.065,2226.67
KARNABAHAR,2021,İzmir(Bayındır),11000.0,19250.0,7.1825,6709.0
KARNABAHAR,2021,İzmir(Bergama),20.0,32.0,7.1825,6709.0
KARNABAHAR,2021,İzmir(Menderes),70.0,140.0,7.1825,6709.0
KARNABAHAR,2021,İzmir(Tire),4955.0,14865.0,7.1825,6709.0
KARNABAHAR,2021,İzmir(Torbalı),3860.0,12545.0,7.1825,6709.0
KARNABAHAR,2021,İzmir(Ödemiş),500.0,2250.0,7.1825,6709.0
KARNABAHAR,2022,İzmir(Bayındır),12500.0,21875.0,21.645,15353.33
KARNABAHAR,2022,İzmir(Bergama),70.0,112.0,21.645,15353.33
KARNABAHAR,2022,İzmir(Menderes),70.0,140.0,21.645,15353.33
KARNABAHAR,2022,İzmir(Tire),5000.0,15000.0,21.645,15353.33
KARNABAHAR,2022,İzmir(Torbalı),2895.0,10133.0,21.645,15353.33
KARNABAHAR,2022,İzmir(Ödemiş),150.0,675.0,21.645,15353.33
KARNABAHAR,2023,İzmir(Bayındır),12000.0,21000.0,28.1275,10488.0
KARNABAHAR,2023,İzmir(Bergama),43.0,69.0,28.1275,10488.0
KARNABAHAR,2023,İzmir(Menderes),70.0,140.0,28.1275,10488.0
KARNABAHAR,2023,İzmir(Tire),4500.0,13500.0,28.1275,10488.0
KARNABAHAR,2023,İzmir(Torbalı),2850.0,8550.0,28.1275,10488.0
KARNABAHAR,2023,İzmir(Ödemiş),1000.0,4500.0,28.1275,10488.0
KARNABAHAR,2024,İzmir(Bayındır),15300.0,26775.0,42.6275,11266.67
KARNABAHAR,2024,İzmir(Bergama),243.0,389.0,42.6275,11266.67
KARNABAHAR,2024,İzmir(Menderes),70.0,140.0,42.6275,11266.67
KARNABAHAR,2024,İzmir(Tire),6150.0,18450.0,42.6275,11266.67
KARNABAHAR,2024,İzmir(Torbalı),3850.0,11550.0,42.6275,11266.67
KARNABAHAR,2024,İzmir(Ödemiş),750.0,3000.0,42.6275,11266.67
KARNABAHAR,2025,İzmir(Bayındır),16886.0,52817.0,50.5925,14550.0
KARNABAHAR,2025,İzmir(Bergama),856.0,1429.0,50.5925,14550.0
KARNABAHAR,2025,İzmir(Menderes),100.0,209.0,50.5925,14550.0
KARNABAHAR,2025,İzmir(Tire),6000.0,25036.0,50.5925,14550.0
KARNABAHAR,2025,İzmir(Torbalı),5270.0,21991.0,50.5925,14550.0
KARNABAHAR,2025,İzmir(Ödemiş),1000.0,4173.0,50.5925,14550.0
KARPUZ,2013,İzmir(Bayındır),4000.0,20000.0,,852.0
KARPUZ,2013,İzmir(Bergama),1500.0,3300.0,,852.0
KARPUZ,2013,İzmir(Menderes),4850.0,19400.0,,852.0
KARPUZ,2013,İzmir(Tire),13568.0,54272.0,,852.0
KARPUZ,2013,İzmir(Torbalı),4500.0,19125.0,,852.0
KARPUZ,2013,İzmir(Ödemiş),15000.0,60000.0,,852.0
KARPUZ,2014,İzmir(Bayındır),4000.0,20000.0,4.4350000000000005,886.0
KARPUZ,2014,İzmir(Bergama),1400.0,3080.0,4.4350000000000005,886.0
KARPUZ,2014,İzmir(Menderes),4860.0,19440.0,4.4350000000000005,886.0
KARPUZ,2014,İzmir(Tire),14000.0,56000.0,4.4350000000000005,886.0
KARPUZ,2014,İzmir(Torbalı),4500.0,19125.0,4.4350000000000005,886.0
KARPUZ,2014,İzmir(Ödemiş),15000.0,97500.0,4.4350000000000005,886.0
KARPUZ,2015,İzmir(Bayındır),4000.0,20028.0,3.855,903.33
KARPUZ,2015,İzmir(Bergama),1400.0,3084.0,3.855,903.33
KARPUZ,2015,İzmir(Menderes),4860.0,19469.0,3.855,903.33
KARPUZ,2015,İzmir(Tire),13450.0,53881.0,3.855,903.33
KARPUZ,2015,İzmir(Torbalı),2240.0,10096.0,3.855,903.33
KARPUZ,2015,İzmir(Ödemiş),15000.0,97635.0,3.855,903.33
KARPUZ,2016,İzmir(Bayındır),4000.0,20000.0,3.7575,822.67
KARPUZ,2016,İzmir(Bergama),1400.0,3080.0,3.7575,822.67
KARPUZ,2016,İzmir(Menderes),4860.0,19440.0,3.7575,822.67
KARPUZ,2016,İzmir(Tire),13000.0,39000.0,3.7575,822.67
KARPUZ,2016,İzmir(Torbalı),1850.0,8325.0,3.7575,822.67
KARPUZ,2016,İzmir(Ödemiş),15000.0,97500.0,3.7575,822.67
KARPUZ,2017,İzmir(Bayındır),4000.0,20000.0,4.6125,906.33
KARPUZ,2017,İzmir(Bergama),1250.0,2750.0,4.6125,906.33
KARPUZ,2017,İzmir(Menderes),4660.0,18640.0,4.6125,906.33
KARPUZ,2017,İzmir(Tire),13000.0,39000.0,4.6125,906.33
KARPUZ,2017,İzmir(Torbalı),1160.0,5220.0,4.6125,906.33
KARPUZ,2017,İzmir(Ödemiş),15000.0,97500.0,4.6125,906.33
KARPUZ,2018,İzmir(Bayındır),4000.0,20000.0,5.68,1217.33
KARPUZ,2018,İzmir(Bergama),1250.0,2750.0,5.68,1217.33
KARPUZ,2018,İzmir(Menderes),4660.0,18640.0,5.68,1217.33
KARPUZ,2018,İzmir(Tire),5000.0,15000.0,5.68,1217.33
KARPUZ,2018,İzmir(Torbalı),1130.0,5085.0,5.68,1217.33
KARPUZ,2018,İzmir(Ödemiş),12000.0,78000.0,5.68,1217.33
KARPUZ,2019,İzmir(Bayındır),2200.0,11000.0,6.3375,1486.33
KARPUZ,2019,İzmir(Bergama),1250.0,2750.0,6.3375,1486.33
KARPUZ,2019,İzmir(Menderes),4660.0,18640.0,6.3375,1486.33
KARPUZ,2019,İzmir(Tire),4750.0,14250.0,6.3375,1486.33
KARPUZ,2019,İzmir(Torbalı),930.0,4092.0,6.3375,1486.33
KARPUZ,2019,İzmir(Ödemiş),11000.0,71500.0,6.3375,1486.33
KARPUZ,2020,İzmir(Bayındır),1450.0,6525.0,6.065,2226.67
KARPUZ,2020,İzmir(Bergama),1250.0,2750.0,6.065,2226.67
KARPUZ,2020,İzmir(Menderes),1200.0,4800.0,6.065,2226.67
KARPUZ,2020,İzmir(Tire),850.0,2550.0,6.065,2226.67
KARPUZ,2020,İzmir(Torbalı),1130.0,4803.0,6.065,2226.67
KARPUZ,2020,İzmir(Ödemiş),2000.0,9000.0,6.065,2226.67
KARPUZ,2021,İzmir(Bayındır),1408.0,6336.0,7.1825,6709.0
KARPUZ,2021,İzmir(Bergama),214.0,471.0,7.1825,6709.0
KARPUZ,2021,İzmir(Menderes),1103.0,4412.0,7.1825,6709.0
KARPUZ,2021,İzmir(Tire),773.0,2319.0,7.1825,6709.0
KARPUZ,2021,İzmir(Torbalı),1250.0,5313.0,7.1825,6709.0
KARPUZ,2021,İzmir(Ödemiş),2500.0,11250.0,7.1825,6709.0
KARPUZ,2022,İzmir(Bayındır),1450.0,6525.0,21.645,15353.33
KARPUZ,2022,İzmir(Bergama),99.0,218.0,21.645,15353.33
KARPUZ,2022,İzmir(Menderes),1103.0,4412.0,21.645,15353.33
KARPUZ,2022,İzmir(Tire),1155.0,3465.0,21.645,15353.33
KARPUZ,2022,İzmir(Torbalı),1200.0,5400.0,21.645,15353.33
KARPUZ,2022,İzmir(Ödemiş),5000.0,22500.0,21.645,15353.33
KARPUZ,2023,İzmir(Bayındır),1500.0,6750.0,28.1275,10488.0
KARPUZ,2023,İzmir(Bergama),57.0,126.0,28.1275,10488.0
KARPUZ,2023,İzmir(Menderes),1103.0,4412.0,28.1275,10488.0
KARPUZ,2023,İzmir(Tire),1026.0,3078.0,28.1275,10488.0
KARPUZ,2023,İzmir(Torbalı),1250.0,5000.0,28.1275,10488.0
KARPUZ,2023,İzmir(Ödemiş),2500.0,11250.0,28.1275,10488.0
KARPUZ,2024,İzmir(Bayındır),1500.0,6750.0,42.6275,11266.67
KARPUZ,2024,İzmir(Bergama),201.0,443.0,42.6275,11266.67
KARPUZ,2024,İzmir(Menderes),1103.0,4412.0,42.6275,11266.67
KARPUZ,2024,İzmir(Tire),1350.0,4050.0,42.6275,11266.67
KARPUZ,2024,İzmir(Torbalı),1685.0,6740.0,42.6275,11266.67
KARPUZ,2024,İzmir(Ödemiş),2500.0,11250.0,42.6275,11266.67
KARPUZ,2025,İzmir(Bayındır),2415.0,10868.0,50.5925,14550.0
KARPUZ,2025,İzmir(Bergama),222.0,489.0,50.5925,14550.0
KARPUZ,2025,İzmir(Menderes),1500.0,6000.0,50.5925,14550.0
KARPUZ,2025,İzmir(Tire),2100.0,9450.0,50.5925,14550.0
KARPUZ,2025,İzmir(Torbalı),2550.0,11475.0,50.5925,14550.0
KARPUZ,2025,İzmir(Ödemiş),2500.0,12500.0,50.5925,14550.0
LAHANA BEYAZ,2013,İzmir(Bayındır),1300.0,4875.0,,852.0
LAHANA BEYAZ,2013,İzmir(Bergama),400.0,1200.0,,852.0
LAHANA BEYAZ,2013,İzmir(Menderes),50.0,175.0,,852.0
LAHANA BEYAZ,2013,İzmir(Tire),2300.0,6900.0,,852.0
LAHANA BEYAZ,2013,İzmir(Torbalı),330.0,1237.0,,852.0
LAHANA BEYAZ,2013,İzmir(Ödemiş),2000.0,8000.0,,852.0
LAHANA BEYAZ,2014,İzmir(Bayındır),1300.0,4875.0,4.4350000000000005,886.0
LAHANA BEYAZ,2014,İzmir(Bergama),400.0,1200.0,4.4350000000000005,886.0
LAHANA BEYAZ,2014,İzmir(Menderes),50.0,175.0,4.4350000000000005,886.0
LAHANA BEYAZ,2014,İzmir(Tire),2000.0,6000.0,4.4350000000000005,886.0
LAHANA BEYAZ,2014,İzmir(Torbalı),330.0,1238.0,4.4350000000000005,886.0
LAHANA BEYAZ,2014,İzmir(Ödemiş),2000.0,8000.0,4.4350000000000005,886.0
LAHANA BEYAZ,2015,İzmir(Bayındır),1000.0,3750.0,3.855,903.33
LAHANA BEYAZ,2015,İzmir(Bergama),400.0,1200.0,3.855,903.33
LAHANA BEYAZ,2015,İzmir(Menderes),50.0,175.0,3.855,903.33
LAHANA BEYAZ,2015,İzmir(Tire),1950.0,5850.0,3.855,903.33
LAHANA BEYAZ,2015,İzmir(Torbalı),410.0,1538.0,3.855,903.33
LAHANA BEYAZ,2015,İzmir(Ödemiş),2000.0,8000.0,3.855,903.33
LAHANA BEYAZ,2016,İzmir(Bayındır),1200.0,4490.0,3.7575,822.67
LAHANA BEYAZ,2016,İzmir(Bergama),400.0,1197.0,3.7575,822.67
LAHANA BEYAZ,2016,İzmir(Menderes),50.0,175.0,3.7575,822.67
LAHANA BEYAZ,2016,İzmir(Tire),1950.0,5836.0,3.7575,822.67
LAHANA BEYAZ,2016,İzmir(Torbalı),850.0,3392.0,3.7575,822.67
LAHANA BEYAZ,2016,İzmir(Ödemiş),1750.0,6984.0,3.7575,822.67
LAHANA BEYAZ,2017,İzmir(Bayındır),1200.0,4500.0,4.6125,906.33
LAHANA BEYAZ,2017,İzmir(Bergama),400.0,1200.0,4.6125,906.33
LAHANA BEYAZ,2017,İzmir(Menderes),43.0,151.0,4.6125,906.33
LAHANA BEYAZ,2017,İzmir(Tire),2000.0,6000.0,4.6125,906.33
LAHANA BEYAZ,2017,İzmir(Torbalı),920.0,3680.0,4.6125,906.33
LAHANA BEYAZ,2017,İzmir(Ödemiş),1750.0,7000.0,4.6125,906.33
LAHANA BEYAZ,2018,İzmir(Bayındır),1200.0,4500.0,5.68,1217.33
LAHANA BEYAZ,2018,İzmir(Bergama),400.0,1200.0,5.68,1217.33
LAHANA BEYAZ,2018,İzmir(Menderes),43.0,150.0,5.68,1217.33
LAHANA BEYAZ,2018,İzmir(Tire),1500.0,4500.0,5.68,1217.33
LAHANA BEYAZ,2018,İzmir(Torbalı),750.0,3000.0,5.68,1217.33
LAHANA BEYAZ,2018,İzmir(Ödemiş),500.0,2000.0,5.68,1217.33
LAHANA BEYAZ,2019,İzmir(Bayındır),1200.0,4500.0,6.3375,1486.33
LAHANA BEYAZ,2019,İzmir(Bergama),400.0,1200.0,6.3375,1486.33
LAHANA BEYAZ,2019,İzmir(Menderes),43.0,151.0,6.3375,1486.33
LAHANA BEYAZ,2019,İzmir(Tire),1500.0,4500.0,6.3375,1486.33
LAHANA BEYAZ,2019,İzmir(Torbalı),850.0,3400.0,6.3375,1486.33
LAHANA BEYAZ,2019,İzmir(Ödemiş),500.0,2000.0,6.3375,1486.33
LAHANA BEYAZ,2020,İzmir(Bayındır),1400.0,2100.0,6.065,2226.67
LAHANA BEYAZ,2020,İzmir(Bergama),400.0,1200.0,6.065,2226.67
LAHANA BEYAZ,2020,İzmir(Menderes),43.0,151.0,6.065,2226.67
LAHANA BEYAZ,2020,İzmir(Tire),700.0,2100.0,6.065,2226.67
LAHANA BEYAZ,2020,İzmir(Torbalı),2885.0,11540.0,6.065,2226.67
LAHANA BEYAZ,2020,İzmir(Ödemiş),100.0,550.0,6.065,2226.67
LAHANA BEYAZ,2021,İzmir(Bayındır),1000.0,1500.0,7.1825,6709.0
LAHANA BEYAZ,2021,İzmir(Bergama),20.0,60.0,7.1825,6709.0
LAHANA BEYAZ,2021,İzmir(Menderes),70.0,245.0,7.1825,6709.0
LAHANA BEYAZ,2021,İzmir(Tire),189.0,945.0,7.1825,6709.0
LAHANA BEYAZ,2021,İzmir(Torbalı),2460.0,9471.0,7.1825,6709.0
LAHANA BEYAZ,2021,İzmir(Ödemiş),700.0,3850.0,7.1825,6709.0
LAHANA BEYAZ,2022,İzmir(Bayındır),1075.0,1613.0,21.645,15353.33
LAHANA BEYAZ,2022,İzmir(Bergama),21.0,63.0,21.645,15353.33
LAHANA BEYAZ,2022,İzmir(Menderes),70.0,245.0,21.645,15353.33
LAHANA BEYAZ,2022,İzmir(Tire),839.0,4195.0,21.645,15353.33
LAHANA BEYAZ,2022,İzmir(Torbalı),2350.0,9988.0,21.645,15353.33
LAHANA BEYAZ,2022,İzmir(Ödemiş),500.0,2750.0,21.645,15353.33
LAHANA BEYAZ,2023,İzmir(Bayındır),1285.0,2956.0,28.1275,10488.0
LAHANA BEYAZ,2023,İzmir(Bergama),48.0,144.0,28.1275,10488.0
LAHANA BEYAZ,2023,İzmir(Menderes),70.0,245.0,28.1275,10488.0
LAHANA BEYAZ,2023,İzmir(Tire),1700.0,8500.0,28.1275,10488.0
LAHANA BEYAZ,2023,İzmir(Torbalı),1850.0,7400.0,28.1275,10488.0
LAHANA BEYAZ,2023,İzmir(Ödemiş),1000.0,5000.0,28.1275,10488.0
LAHANA BEYAZ,2024,İzmir(Bayındır),1800.0,4140.0,42.6275,11266.67
LAHANA BEYAZ,2024,İzmir(Bergama),297.0,891.0,42.6275,11266.67
LAHANA BEYAZ,2024,İzmir(Menderes),70.0,245.0,42.6275,11266.67
LAHANA BEYAZ,2024,İzmir(Tire),3100.0,15500.0,42.6275,11266.67
LAHANA BEYAZ,2024,İzmir(Torbalı),2150.0,8600.0,42.6275,11266.67
LAHANA BEYAZ,2024,İzmir(Ödemiş),550.0,2750.0,42.6275,11266.67
LAHANA BEYAZ,2025,İzmir(Bayındır),2252.0,6808.0,50.5925,14550.0
LAHANA BEYAZ,2025,İzmir(Bergama),184.0,556.0,50.5925,14550.0
LAHANA BEYAZ,2025,İzmir(Menderes),110.0,388.0,50.5925,14550.0
LAHANA BEYAZ,2025,İzmir(Tire),1400.0,7054.0,50.5925,14550.0
LAHANA BEYAZ,2025,İzmir(Torbalı),1800.0,8162.0,50.5925,14550.0
LAHANA BEYAZ,2025,İzmir(Ödemiş),750.0,2645.0,50.5925,14550.0
LAHANA KIRMIZI,2013,İzmir(Bayındır),210.0,378.0,,852.0
LAHANA KIRMIZI,2013,İzmir(Bergama),50.0,90.0,,852.0
LAHANA KIRMIZI,2013,İzmir(Torbalı),380.0,760.0,,852.0
LAHANA KIRMIZI,2013,İzmir(Ödemiş),120.0,360.0,,852.0
LAHANA KIRMIZI,2014,İzmir(Bayındır),210.0,378.0,4.4350000000000005,886.0
LAHANA KIRMIZI,2014,İzmir(Bergama),50.0,90.0,4.4350000000000005,886.0
LAHANA KIRMIZI,2014,İzmir(Torbalı),380.0,760.0,4.4350000000000005,886.0
LAHANA KIRMIZI,2014,İzmir(Ödemiş),120.0,360.0,4.4350000000000005,886.0
LAHANA KIRMIZI,2015,İzmir(Bayındır),200.0,360.0,3.855,903.33
LAHANA KIRMIZI,2015,İzmir(Bergama),50.0,90.0,3.855,903.33
LAHANA KIRMIZI,2015,İzmir(Torbalı),525.0,1050.0,3.855,903.33
LAHANA KIRMIZI,2015,İzmir(Ödemiş),120.0,360.0,3.855,903.33
LAHANA KIRMIZI,2016,İzmir(Bayındır),200.0,360.0,3.7575,822.67
LAHANA KIRMIZI,2016,İzmir(Bergama),50.0,90.0,3.7575,822.67
LAHANA KIRMIZI,2016,İzmir(Torbalı),935.0,2338.0,3.7575,822.67
LAHANA KIRMIZI,2016,İzmir(Ödemiş),120.0,360.0,3.7575,822.67
LAHANA KIRMIZI,2017,İzmir(Bayındır),200.0,360.0,4.6125,906.33
LAHANA KIRMIZI,2017,İzmir(Bergama),50.0,90.0,4.6125,906.33
LAHANA KIRMIZI,2017,İzmir(Menderes),55.0,110.0,4.6125,906.33
LAHANA KIRMIZI,2017,İzmir(Torbalı),1680.0,4200.0,4.6125,906.33
LAHANA KIRMIZI,2017,İzmir(Ödemiş),120.0,360.0,4.6125,906.33
LAHANA KIRMIZI,2018,İzmir(Bayındır),200.0,360.0,5.68,1217.33
LAHANA KIRMIZI,2018,İzmir(Bergama),50.0,90.0,5.68,1217.33
LAHANA KIRMIZI,2018,İzmir(Menderes),55.0,110.0,5.68,1217.33
LAHANA KIRMIZI,2018,İzmir(Torbalı),1480.0,3700.0,5.68,1217.33
LAHANA KIRMIZI,2018,İzmir(Ödemiş),80.0,240.0,5.68,1217.33
LAHANA KIRMIZI,2019,İzmir(Bayındır),200.0,360.0,6.3375,1486.33
LAHANA KIRMIZI,2019,İzmir(Bergama),50.0,90.0,6.3375,1486.33
LAHANA KIRMIZI,2019,İzmir(Menderes),55.0,110.0,6.3375,1486.33
LAHANA KIRMIZI,2019,İzmir(Torbalı),1500.0,3750.0,6.3375,1486.33
LAHANA KIRMIZI,2019,İzmir(Ödemiş),80.0,240.0,6.3375,1486.33
LAHANA KIRMIZI,2020,İzmir(Bayındır),350.0,1225.0,6.065,2226.67
LAHANA KIRMIZI,2020,İzmir(Bergama),50.0,90.0,6.065,2226.67
LAHANA KIRMIZI,2020,İzmir(Menderes),55.0,110.0,6.065,2226.67
LAHANA KIRMIZI,2020,İzmir(Torbalı),1350.0,3375.0,6.065,2226.67
LAHANA KIRMIZI,2020,İzmir(Ödemiş),30.0,120.0,6.065,2226.67
LAHANA KIRMIZI,2021,İzmir(Bayındır),350.0,1225.0,7.1825,6709.0
LAHANA KIRMIZI,2021,İzmir(Bergama),42.0,76.0,7.1825,6709.0
LAHANA KIRMIZI,2021,İzmir(Menderes),55.0,110.0,7.1825,6709.0
LAHANA KIRMIZI,2021,İzmir(Torbalı),1250.0,3125.0,7.1825,6709.0
LAHANA KIRMIZI,2021,İzmir(Ödemiş),30.0,120.0,7.1825,6709.0
LAHANA KIRMIZI,2022,İzmir(Bayındır),400.0,1400.0,21.645,15353.33
LAHANA KIRMIZI,2022,İzmir(Bergama),6.0,11.0,21.645,15353.33
LAHANA KIRMIZI,2022,İzmir(Menderes),55.0,110.0,21.645,15353.33
LAHANA KIRMIZI,2022,İzmir(Torbalı),1250.0,3125.0,21.645,15353.33
LAHANA KIRMIZI,2022,İzmir(Ödemiş),30.0,120.0,21.645,15353.33
LAHANA KIRMIZI,2023,İzmir(Bayındır),350.0,1120.0,28.1275,10488.0
LAHANA KIRMIZI,2023,İzmir(Bergama),2.0,4.0,28.1275,10488.0
LAHANA KIRMIZI,2023,İzmir(Menderes),55.0,110.0,28.1275,10488.0
LAHANA KIRMIZI,2023,İzmir(Torbalı),1485.0,2970.0,28.1275,10488.0
LAHANA KIRMIZI,2024,İzmir(Bayındır),400.0,1280.0,42.6275,11266.67
LAHANA KIRMIZI,2024,İzmir(Bergama),41.0,75.0,42.6275,11266.67
LAHANA KIRMIZI,2024,İzmir(Menderes),55.0,110.0,42.6275,11266.67
LAHANA KIRMIZI,2024,İzmir(Torbalı),1850.0,4163.0,42.6275,11266.67
LAHANA KIRMIZI,2025,İzmir(Bayındır),441.0,1411.0,50.5925,14550.0
LAHANA KIRMIZI,2025,İzmir(Bergama),127.0,233.0,50.5925,14550.0
LAHANA KIRMIZI,2025,İzmir(Menderes),150.0,300.0,50.5925,14550.0
LAHANA KIRMIZI,2025,İzmir(Torbalı),3150.0,7875.0,50.5925,14550.0
MARUL,2013,İzmir(Bayındır),1170.0,1872.0,,852.0
MARUL,2013,İzmir(Bergama),800.0,1280.0,,852.0
MARUL,2013,İzmir(Menderes),2200.0,7040.0,,852.0
MARUL,2013,İzmir(Tire),350.0,525.0,,852.0
MARUL,2013,İzmir(Torbalı),475.0,1275.0,,852.0
MARUL,2013,İzmir(Ödemiş),1005.0,1810.0,,852.0
MARUL,2014,İzmir(Bayındır),1170.0,1872.0,4.4350000000000005,886.0
MARUL,2014,İzmir(Bergama),800.0,1280.0,4.4350000000000005,886.0
MARUL,2014,İzmir(Menderes),2200.0,7040.0,4.4350000000000005,886.0
MARUL,2014,İzmir(Tire),300.0,450.0,4.4350000000000005,886.0
MARUL,2014,İzmir(Torbalı),460.0,1245.0,4.4350000000000005,886.0
MARUL,2014,İzmir(Ödemiş),1016.0,3561.0,4.4350000000000005,886.0
MARUL,2015,İzmir(Bayındır),1400.0,2240.0,3.855,903.33
MARUL,2015,İzmir(Bergama),800.0,1280.0,3.855,903.33
MARUL,2015,İzmir(Menderes),2200.0,7040.0,3.855,903.33
MARUL,2015,İzmir(Tire),325.0,488.0,3.855,903.33
MARUL,2015,İzmir(Torbalı),300.0,875.0,3.855,903.33
MARUL,2015,İzmir(Ödemiş),1016.0,3561.0,3.855,903.33
MARUL,2016,İzmir(Bayındır),1416.0,2253.0,3.7575,822.67
MARUL,2016,İzmir(Bergama),800.0,1272.0,3.7575,822.67
MARUL,2016,İzmir(Menderes),2200.0,7040.0,3.7575,822.67
MARUL,2016,İzmir(Tire),350.0,540.0,3.7575,822.67
MARUL,2016,İzmir(Torbalı),275.0,800.0,3.7575,822.67
MARUL,2016,İzmir(Ödemiş),1016.0,3540.0,3.7575,822.67
MARUL,2017,İzmir(Bayındır),1416.0,2266.0,4.6125,906.33
MARUL,2017,İzmir(Bergama),800.0,1280.0,4.6125,906.33
MARUL,2017,İzmir(Menderes),2200.0,7040.0,4.6125,906.33
MARUL,2017,İzmir(Tire),300.0,450.0,4.6125,906.33
MARUL,2017,İzmir(Torbalı),360.0,1060.0,4.6125,906.33
MARUL,2017,İzmir(Ödemiş),1016.0,3561.0,4.6125,906.33
MARUL,2018,İzmir(Bayındır),1000.0,1600.0,5.68,1217.33
MARUL,2018,İzmir(Bergama),800.0,1280.0,5.68,1217.33
MARUL,2018,İzmir(Menderes),700.0,2240.0,5.68,1217.33
MARUL,2018,İzmir(Tire),500.0,750.0,5.68,1217.33
MARUL,2018,İzmir(Torbalı),562.0,1674.0,5.68,1217.33
MARUL,2018,İzmir(Ödemiş),1016.0,3561.0,5.68,1217.33
MARUL,2019,İzmir(Bayındır),1300.0,2080.0,6.3375,1486.33
MARUL,2019,İzmir(Bergama),800.0,1280.0,6.3375,1486.33
MARUL,2019,İzmir(Menderes),700.0,2240.0,6.3375,1486.33
MARUL,2019,İzmir(Tire),500.0,750.0,6.3375,1486.33
MARUL,2019,İzmir(Torbalı),590.0,1639.0,6.3375,1486.33
MARUL,2019,İzmir(Ödemiş),1016.0,3561.0,6.3375,1486.33
MARUL,2020,İzmir(Bayındır),1300.0,2080.0,6.065,2226.67
MARUL,2020,İzmir(Bergama),800.0,1280.0,6.065,2226.67
MARUL,2020,İzmir(Menderes),700.0,2240.0,6.065,2226.67
MARUL,2020,İzmir(Tire),500.0,750.0,6.065,2226.67
MARUL,2020,İzmir(Torbalı),405.0,1133.0,6.065,2226.67
MARUL,2020,İzmir(Ödemiş),1000.0,2500.0,6.065,2226.67
MARUL,2021,İzmir(Bayındır),1300.0,2080.0,7.1825,6709.0
MARUL,2021,İzmir(Bergama),14.0,22.0,7.1825,6709.0
MARUL,2021,İzmir(Menderes),420.0,1344.0,7.1825,6709.0
MARUL,2021,İzmir(Tire),836.0,1254.0,7.1825,6709.0
MARUL,2021,İzmir(Torbalı),323.0,869.0,7.1825,6709.0
MARUL,2021,İzmir(Ödemiş),1300.0,5525.0,7.1825,6709.0
MARUL,2022,İzmir(Bayındır),1400.0,2240.0,21.645,15353.33
MARUL,2022,İzmir(Bergama),13.0,20.0,21.645,15353.33
MARUL,2022,İzmir(Menderes),420.0,1344.0,21.645,15353.33
MARUL,2022,İzmir(Tire),3124.0,4686.0,21.645,15353.33
MARUL,2022,İzmir(Torbalı),507.0,1389.0,21.645,15353.33
MARUL,2022,İzmir(Ödemiş),1300.0,5525.0,21.645,15353.33
MARUL,2023,İzmir(Bayındır),2125.0,3400.0,28.1275,10488.0
MARUL,2023,İzmir(Bergama),53.0,144.0,28.1275,10488.0
MARUL,2023,İzmir(Menderes),150.0,480.0,28.1275,10488.0
MARUL,2023,İzmir(Tire),4150.0,6225.0,28.1275,10488.0
MARUL,2023,İzmir(Torbalı),495.0,1229.0,28.1275,10488.0
MARUL,2023,İzmir(Ödemiş),1000.0,4250.0,28.1275,10488.0
MARUL,2024,İzmir(Bayındır),2500.0,4000.0,42.6275,11266.67
MARUL,2024,İzmir(Bergama),111.0,216.0,42.6275,11266.67
MARUL,2024,İzmir(Menderes),300.0,960.0,42.6275,11266.67
MARUL,2024,İzmir(Tire),5600.0,8400.0,42.6275,11266.67
MARUL,2024,İzmir(Torbalı),690.0,1725.0,42.6275,11266.67
MARUL,2024,İzmir(Ödemiş),1000.0,4000.0,42.6275,11266.67
MARUL,2025,İzmir(Bayındır),4212.0,17016.0,50.5925,14550.0
MARUL,2025,İzmir(Bergama),45.0,87.0,50.5925,14550.0
MARUL,2025,İzmir(Menderes),100.0,323.0,50.5925,14550.0
MARUL,2025,İzmir(Tire),5000.0,20220.0,50.5925,14550.0
MARUL,2025,İzmir(Torbalı),1555.0,5441.0,50.5925,14550.0
MARUL,2025,İzmir(Ödemiş),1000.0,4040.0,50.5925,14550.0
PATLICAN UZUN,2013,İzmir(Bayındır),2000.0,6598.0,,852.0
PATLICAN UZUN,2013,İzmir(Bergama),1500.0,2700.0,,852.0
PATLICAN UZUN,2013,İzmir(Menderes),370.0,946.0,,852.0
PATLICAN UZUN,2013,İzmir(Tire),1500.0,4499.0,,852.0
PATLICAN UZUN,2013,İzmir(Torbalı),519.0,1555.0,,852.0
PATLICAN UZUN,2013,İzmir(Ödemiş),2350.0,9398.0,,852.0
PATLICAN UZUN,2014,İzmir(Bayındır),2000.0,6600.0,4.4350000000000005,886.0
PATLICAN UZUN,2014,İzmir(Bergama),1400.0,2520.0,4.4350000000000005,886.0
PATLICAN UZUN,2014,İzmir(Menderes),410.0,1046.0,4.4350000000000005,886.0
PATLICAN UZUN,2014,İzmir(Tire),1500.0,4500.0,4.4350000000000005,886.0
PATLICAN UZUN,2014,İzmir(Torbalı),519.0,1555.0,4.4350000000000005,886.0
PATLICAN UZUN,2014,İzmir(Ödemiş),1500.0,6000.0,4.4350000000000005,886.0
PATLICAN UZUN,2015,İzmir(Bayındır),1000.0,3300.0,3.855,903.33
PATLICAN UZUN,2015,İzmir(Bergama),1400.0,2520.0,3.855,903.33
PATLICAN UZUN,2015,İzmir(Menderes),420.0,1076.0,3.855,903.33
PATLICAN UZUN,2015,İzmir(Tire),1480.0,4440.0,3.855,903.33
PATLICAN UZUN,2015,İzmir(Torbalı),250.0,748.0,3.855,903.33
PATLICAN UZUN,2015,İzmir(Ödemiş),1500.0,6000.0,3.855,903.33
PATLICAN UZUN,2016,İzmir(Bayındır),1000.0,3300.0,3.7575,822.67
PATLICAN UZUN,2016,İzmir(Bergama),1400.0,2520.0,3.7575,822.67
PATLICAN UZUN,2016,İzmir(Menderes),530.0,1451.0,3.7575,822.67
PATLICAN UZUN,2016,İzmir(Tire),1500.0,4575.0,3.7575,822.67
PATLICAN UZUN,2016,İzmir(Torbalı),355.0,1063.0,3.7575,822.67
PATLICAN UZUN,2016,İzmir(Ödemiş),1500.0,6000.0,3.7575,822.67
PATLICAN UZUN,2017,İzmir(Bayındır),1000.0,3300.0,4.6125,906.33
PATLICAN UZUN,2017,İzmir(Bergama),1200.0,2160.0,4.6125,906.33
PATLICAN UZUN,2017,İzmir(Menderes),861.0,2234.0,4.6125,906.33
PATLICAN UZUN,2017,İzmir(Tire),1500.0,4500.0,4.6125,906.33
PATLICAN UZUN,2017,İzmir(Torbalı),385.0,1153.0,4.6125,906.33
PATLICAN UZUN,2017,İzmir(Ödemiş),1900.0,7600.0,4.6125,906.33
PATLICAN UZUN,2018,İzmir(Bayındır),1000.0,3300.0,5.68,1217.33
PATLICAN UZUN,2018,İzmir(Bergama),1200.0,2160.0,5.68,1217.33
PATLICAN UZUN,2018,İzmir(Menderes),961.0,2584.0,5.68,1217.33
PATLICAN UZUN,2018,İzmir(Tire),500.0,1500.0,5.68,1217.33
PATLICAN UZUN,2018,İzmir(Torbalı),331.0,990.0,5.68,1217.33
PATLICAN UZUN,2018,İzmir(Ödemiş),2000.0,8000.0,5.68,1217.33
PATLICAN UZUN,2019,İzmir(Bayındır),800.0,2640.0,6.3375,1486.33
PATLICAN UZUN,2019,İzmir(Bergama),1200.0,2160.0,6.3375,1486.33
PATLICAN UZUN,2019,İzmir(Menderes),1501.0,4153.0,6.3375,1486.33
PATLICAN UZUN,2019,İzmir(Tire),520.0,1560.0,6.3375,1486.33
PATLICAN UZUN,2019,İzmir(Torbalı),455.0,1318.0,6.3375,1486.33
PATLICAN UZUN,2019,İzmir(Ödemiş),2000.0,8000.0,6.3375,1486.33
PATLICAN UZUN,2020,İzmir(Bayındır),300.0,1200.0,6.065,2226.67
PATLICAN UZUN,2020,İzmir(Bergama),1200.0,2160.0,6.065,2226.67
PATLICAN UZUN,2020,İzmir(Menderes),2150.0,7800.0,6.065,2226.67
PATLICAN UZUN,2020,İzmir(Tire),185.0,555.0,6.065,2226.67
PATLICAN UZUN,2020,İzmir(Torbalı),180.0,504.0,6.065,2226.67
PATLICAN UZUN,2020,İzmir(Ödemiş),1500.0,6000.0,6.065,2226.67
PATLICAN UZUN,2021,İzmir(Bayındır),400.0,1600.0,7.1825,6709.0
PATLICAN UZUN,2021,İzmir(Bergama),77.0,139.0,7.1825,6709.0
PATLICAN UZUN,2021,İzmir(Menderes),2150.0,7800.0,7.1825,6709.0
PATLICAN UZUN,2021,İzmir(Tire),168.0,504.0,7.1825,6709.0
PATLICAN UZUN,2021,İzmir(Torbalı),245.0,704.0,7.1825,6709.0
PATLICAN UZUN,2021,İzmir(Ödemiş),150.0,600.0,7.1825,6709.0
PATLICAN UZUN,2022,İzmir(Bayındır),350.0,1401.0,21.645,15353.33
PATLICAN UZUN,2022,İzmir(Bergama),52.0,94.0,21.645,15353.33
PATLICAN UZUN,2022,İzmir(Menderes),2150.0,7802.0,21.645,15353.33
PATLICAN UZUN,2022,İzmir(Torbalı),176.0,536.0,21.645,15353.33
PATLICAN UZUN,2022,İzmir(Ödemiş),150.0,600.0,21.645,15353.33
PATLICAN UZUN,2023,İzmir(Bayındır),350.0,1401.0,28.1275,10488.0
PATLICAN UZUN,2023,İzmir(Bergama),46.0,83.0,28.1275,10488.0
PATLICAN UZUN,2023,İzmir(Menderes),2155.0,7830.0,28.1275,10488.0
PATLICAN UZUN,2023,İzmir(Torbalı),128.0,324.0,28.1275,10488.0
PATLICAN UZUN,2023,İzmir(Ödemiş),700.0,2800.0,28.1275,10488.0
PATLICAN UZUN,2024,İzmir(Bayındır),400.0,1600.0,42.6275,11266.67
PATLICAN UZUN,2024,İzmir(Bergama),457.0,826.0,42.6275,11266.67
PATLICAN UZUN,2024,İzmir(Menderes),2405.0,12150.0,42.6275,11266.67
PATLICAN UZUN,2024,İzmir(Torbalı),280.0,716.0,42.6275,11266.67
PATLICAN UZUN,2024,İzmir(Ödemiş),700.0,2800.0,42.6275,11266.67
PATLICAN UZUN,2025,İzmir(Bayındır),352.0,1408.0,50.5925,14550.0
PATLICAN UZUN,2025,İzmir(Bergama),389.0,703.0,50.5925,14550.0
PATLICAN UZUN,2025,İzmir(Menderes),1900.0,8500.0,50.5925,14550.0
PATLICAN UZUN,2025,İzmir(Torbalı),240.0,616.0,50.5925,14550.0
PATLICAN UZUN,2025,İzmir(Ödemiş),500.0,2000.0,50.5925,14550.0
PIRASA,2013,İzmir(Bayındır),750.0,1800.0,,852.0
PIRASA,2013,İzmir(Bergama),500.0,1000.0,,852.0
PIRASA,2013,İzmir(Menderes),80.0,240.0,,852.0
PIRASA,2013,İzmir(Tire),550.0,1375.0,,852.0
PIRASA,2013,İzmir(Torbalı),2250.0,9000.0,,852.0
PIRASA,2013,İzmir(Ödemiş),1300.0,5200.0,,852.0
PIRASA,2014,İzmir(Bayındır),750.0,1800.0,4.4350000000000005,886.0
PIRASA,2014,İzmir(Bergama),500.0,1000.0,4.4350000000000005,886.0
PIRASA,2014,İzmir(Menderes),80.0,240.0,4.4350000000000005,886.0
PIRASA,2014,İzmir(Tire),500.0,1250.0,4.4350000000000005,886.0
PIRASA,2014,İzmir(Torbalı),2250.0,9000.0,4.4350000000000005,886.0
PIRASA,2014,İzmir(Ödemiş),500.0,2000.0,4.4350000000000005,886.0
PIRASA,2015,İzmir(Bayındır),500.0,1200.0,3.855,903.33
PIRASA,2015,İzmir(Bergama),500.0,1000.0,3.855,903.33
PIRASA,2015,İzmir(Menderes),80.0,240.0,3.855,903.33
PIRASA,2015,İzmir(Tire),500.0,1250.0,3.855,903.33
PIRASA,2015,İzmir(Torbalı),2930.0,11720.0,3.855,903.33
PIRASA,2015,İzmir(Ödemiş),500.0,2000.0,3.855,903.33
PIRASA,2016,İzmir(Bayındır),500.0,1196.0,3.7575,822.67
PIRASA,2016,İzmir(Bergama),500.0,996.0,3.7575,822.67
PIRASA,2016,İzmir(Menderes),80.0,239.0,3.7575,822.67
PIRASA,2016,İzmir(Tire),500.0,1246.0,3.7575,822.67
PIRASA,2016,İzmir(Torbalı),4600.0,18331.0,3.7575,822.67
PIRASA,2016,İzmir(Ödemiş),500.0,1993.0,3.7575,822.67
PIRASA,2017,İzmir(Bayındır),500.0,1200.0,4.6125,906.33
PIRASA,2017,İzmir(Bergama),500.0,1000.0,4.6125,906.33
PIRASA,2017,İzmir(Menderes),80.0,239.0,4.6125,906.33
PIRASA,2017,İzmir(Tire),500.0,1250.0,4.6125,906.33
PIRASA,2017,İzmir(Torbalı),3675.0,14700.0,4.6125,906.33
PIRASA,2017,İzmir(Ödemiş),500.0,2000.0,4.6125,906.33
PIRASA,2018,İzmir(Bayındır),500.0,1200.0,5.68,1217.33
PIRASA,2018,İzmir(Bergama),500.0,1000.0,5.68,1217.33
PIRASA,2018,İzmir(Menderes),80.0,239.0,5.68,1217.33
PIRASA,2018,İzmir(Tire),300.0,750.0,5.68,1217.33
PIRASA,2018,İzmir(Torbalı),9940.0,39760.0,5.68,1217.33
PIRASA,2018,İzmir(Ödemiş),400.0,1600.0,5.68,1217.33
PIRASA,2019,İzmir(Bayındır),200.0,480.0,6.3375,1486.33
PIRASA,2019,İzmir(Bergama),500.0,1000.0,6.3375,1486.33
PIRASA,2019,İzmir(Menderes),80.0,239.0,6.3375,1486.33
PIRASA,2019,İzmir(Tire),300.0,750.0,6.3375,1486.33
PIRASA,2019,İzmir(Torbalı),9940.0,42742.0,6.3375,1486.33
PIRASA,2019,İzmir(Ödemiş),400.0,1600.0,6.3375,1486.33
PIRASA,2020,İzmir(Bayındır),160.0,640.0,6.065,2226.67
PIRASA,2020,İzmir(Bergama),50.0,100.0,6.065,2226.67
PIRASA,2020,İzmir(Menderes),80.0,239.0,6.065,2226.67
PIRASA,2020,İzmir(Tire),115.0,288.0,6.065,2226.67
PIRASA,2020,İzmir(Torbalı),9650.0,41091.0,6.065,2226.67
PIRASA,2020,İzmir(Ödemiş),200.0,800.0,6.065,2226.67
PIRASA,2021,İzmir(Bayındır),230.0,920.0,7.1825,6709.0
PIRASA,2021,İzmir(Bergama),48.0,96.0,7.1825,6709.0
PIRASA,2021,İzmir(Menderes),80.0,239.0,7.1825,6709.0
PIRASA,2021,İzmir(Tire),155.0,389.0,7.1825,6709.0
PIRASA,2021,İzmir(Torbalı),7650.0,30600.0,7.1825,6709.0
PIRASA,2021,İzmir(Ödemiş),75.0,300.0,7.1825,6709.0
PIRASA,2022,İzmir(Bayındır),400.0,1600.0,21.645,15353.33
PIRASA,2022,İzmir(Bergama),45.0,113.0,21.645,15353.33
PIRASA,2022,İzmir(Menderes),80.0,239.0,21.645,15353.33
PIRASA,2022,İzmir(Tire),217.0,545.0,21.645,15353.33
PIRASA,2022,İzmir(Torbalı),5260.0,23670.0,21.645,15353.33
PIRASA,2022,İzmir(Ödemiş),75.0,300.0,21.645,15353.33
PIRASA,2023,İzmir(Bayındır),350.0,1400.0,28.1275,10488.0
PIRASA,2023,İzmir(Bergama),52.0,131.0,28.1275,10488.0
PIRASA,2023,İzmir(Menderes),80.0,239.0,28.1275,10488.0
PIRASA,2023,İzmir(Tire),150.0,377.0,28.1275,10488.0
PIRASA,2023,İzmir(Torbalı),6550.0,26200.0,28.1275,10488.0
PIRASA,2023,İzmir(Ödemiş),250.0,1000.0,28.1275,10488.0
PIRASA,2024,İzmir(Bayındır),200.0,800.0,42.6275,11266.67
PIRASA,2024,İzmir(Bergama),331.0,831.0,42.6275,11266.67
PIRASA,2024,İzmir(Menderes),80.0,239.0,42.6275,11266.67
PIRASA,2024,İzmir(Tire),100.0,251.0,42.6275,11266.67
PIRASA,2024,İzmir(Torbalı),6870.0,27480.0,42.6275,11266.67
PIRASA,2024,İzmir(Ödemiş),100.0,400.0,42.6275,11266.67
PIRASA,2025,İzmir(Bayındır),389.0,1556.0,50.5925,14550.0
PIRASA,2025,İzmir(Bergama),363.0,912.0,50.5925,14550.0
PIRASA,2025,İzmir(Menderes),80.0,239.0,50.5925,14550.0
PIRASA,2025,İzmir(Tire),400.0,1600.0,50.5925,14550.0
PIRASA,2025,İzmir(Torbalı),6800.0,27200.0,50.5925,14550.0
PIRASA,2025,İzmir(Ödemiş),100.0,400.0,50.5925,14550.0
SOGAN KURU,2013,İzmir(Bergama),950.0,1805.0,,852.0
SOGAN KURU,2013,İzmir(Ödemiş),50.0,100.0,,852.0
SOGAN KURU,2014,İzmir(Bergama),950.0,1805.0,4.4350000000000005,886.0
SOGAN KURU,2014,İzmir(Ödemiş),50.0,100.0,4.4350000000000005,886.0
SOGAN KURU,2015,İzmir(Bergama),950.0,1805.0,3.855,903.33
SOGAN KURU,2015,İzmir(Ödemiş),50.0,100.0,3.855,903.33
SOGAN KURU,2016,İzmir(Bergama),1000.0,1900.0,3.7575,822.67
SOGAN KURU,2016,İzmir(Ödemiş),30.0,60.0,3.7575,822.67
SOGAN KURU,2017,İzmir(Bergama),900.0,1701.0,4.6125,906.33
SOGAN KURU,2018,İzmir(Bergama),800.0,1520.0,5.68,1217.33
SOGAN KURU,2019,İzmir(Bergama),1000.0,1800.0,6.3375,1486.33
SOGAN KURU,2020,İzmir(Bergama),22.0,35.0,6.065,2226.67
SOGAN KURU,2021,İzmir(Bergama),18.0,25.0,7.1825,6709.0
SOGAN KURU,2022,İzmir(Bergama),45.0,65.0,21.645,15353.33
SOGAN KURU,2023,İzmir(Bergama),65.0,80.0,28.1275,10488.0
SOGAN KURU,2024,İzmir(Bergama),86.0,106.0,42.6275,11266.67
SOGAN KURU,2025,İzmir(Bergama),53.0,57.0,50.5925,14550.0
